0	0	Santa.Hermiston30	1	Nulla iure voluptatem eius expedita.	0	2	dicta quibusdam in	2014-12-25T01:08:38.061Z
1	1	Elinore.Aufderhar21	1	Fugiat nobis quia ratione laborum quaerat aliquam qui inventore necessitatibus. Cupiditate consequatur est. Consectetur sed autem aut quod culpa. Veniam non beatae voluptas et rerum fuga distinctio.	2	24	et recusandae occaecati	2010-02-24T03:12:57.800Z
2	2	Aiden.Bahringer	1	Consequatur maiores quae ut temporibus. Dolores minima dolor sed. In animi sequi qui minus officia est. Eius odit sapiente voluptas ullam.	1	4	debitis explicabo et	2016-07-31T10:49:31.454Z
3	3	Nyah_Hilpert48	1	Saepe repudiandae est. Quis minima incidunt velit omnis.	2	19	reiciendis natus necessitatibus	2014-10-20T21:19:44.079Z
4	4	Lester.Heller83	1	Natus labore in minima earum.	1	19	maxime dolores ducimus	2014-09-10T23:46:57.981Z
5	0	Elijah56	1	Autem aspernatur magnam in. Aspernatur impedit qui ipsa ea totam natus commodi necessitatibus aut. Possimus et tenetur. Et sit dolorum et sit porro repudiandae.	4	20	ea placeat illum	2017-11-22T20:06:25.069Z
6	1	Anabel.Volkman	1	Praesentium non eum exercitationem inventore odio. Vel fugiat illum quo.	1	20	ex incidunt libero	2016-01-04T00:10:20.910Z
7	2	Arne_Feest65	1	Impedit consequuntur natus in nostrum perspiciatis.	2	5	totam in dolorem	2016-11-20T19:22:48.196Z
8	3	Alphonso_Witting	1	Aliquam error vel veritatis corrupti deserunt dicta. Quis dolor labore voluptate.	5	10	perferendis quod aut	2017-11-29T13:02:13.804Z
9	4	Celia35	1	Qui nemo voluptas aspernatur nisi voluptatum sint dolores. Tempora deserunt est molestiae. Occaecati sint maxime deserunt. Molestiae dolorum eligendi.	0	4	aspernatur numquam explicabo	2016-11-14T20:49:46.668Z
10	0	Filomena_Lind	1	Saepe dolore quis doloremque quaerat ut et. Voluptates ullam corrupti velit voluptatibus est id illo dolorem voluptas. Quia dolorem pariatur temporibus.	0	23	ut omnis culpa	2018-04-15T05:27:04.011Z
11	1	Joelle57	1	Cupiditate inventore exercitationem nobis sequi ut vero. Commodi et praesentium. Modi hic sequi.	5	10	earum et quia	2012-11-24T09:03:50.075Z
12	2	Rigoberto_Koepp	1	Reiciendis asperiores rem eveniet numquam et. Quod laborum eum at. Harum et nemo debitis consequatur. Aut cum doloremque aut ea nobis.	2	12	error sint voluptatem	2013-03-14T10:35:07.553Z
13	3	Austen84	1	Ratione reprehenderit deserunt consectetur odio excepturi autem necessitatibus. Impedit distinctio est sapiente aut rerum ut sed eos ipsum. Velit ratione cupiditate consequuntur est laborum voluptatem repellendus sed. Rem veritatis omnis ut.	1	18	quia architecto voluptatem	2013-11-25T18:16:14.964Z
14	4	Alessandro_Bartoletti27	1	Quibusdam sunt id voluptatem non non aspernatur aliquid. Vel aut eveniet ab neque consectetur facilis.	0	18	provident ut molestias	2017-04-12T02:55:15.542Z
15	0	Rosella_Ebert	1	Cumque doloremque odit reiciendis ex. Velit iste vel voluptate iste sit dolore ullam sed.	5	13	unde nostrum blanditiis	2018-03-10T00:24:04.020Z
16	1	Johan.Funk	1	Omnis nulla earum necessitatibus enim delectus aliquam.	1	3	facere deserunt et	2018-02-05T00:08:18.438Z
17	2	Stan_Mayert	1	Qui et aut iusto at sit aliquam doloribus. Consequatur perspiciatis voluptatum quo soluta error. Voluptates dignissimos id nihil autem. Eveniet sint totam et.	1	18	quo pariatur ut	2012-05-17T12:02:52.326Z
18	3	Earlene.Schneider27	1	Minima explicabo rerum ipsam consectetur quam ipsam. Ipsam dignissimos adipisci iure consequatur unde cum et autem.	2	12	assumenda id quis	2015-09-10T09:37:23.748Z
19	4	Giles.Bartell	1	Sit similique tempora nihil et incidunt aut. Aut aut perspiciatis earum eos quidem ut. Quia similique aut et nesciunt. In ab culpa.	3	1	quis labore quis	2011-01-27T10:00:08.885Z
20	0	Mylene_Schulist	1	Sed sed saepe nostrum. Facilis voluptatem quia iusto incidunt maiores maxime. Mollitia amet et sit veritatis ex est architecto. Dolorum voluptatum architecto est modi accusamus mollitia mollitia ducimus ea.	4	16	adipisci magnam voluptatem	2010-02-23T08:12:53.161Z
21	1	Korey.Dicki11	1	Sequi enim est dicta provident quas. Ad rerum deserunt veniam ipsa rem dicta enim.	1	14	et placeat vel	2010-06-09T22:03:04.187Z
22	2	Keanu.Hickle55	1	Officiis officiis explicabo voluptatem et commodi. Assumenda distinctio repellendus facere et tempore quae harum. Porro asperiores non autem harum unde dolor est. Reprehenderit quis quo magnam quidem fugit voluptatem ad accusamus.	2	18	officiis suscipit minus	2012-03-06T11:06:47.580Z
23	3	Lacy_Trantow22	1	Nostrum corrupti odio.	2	15	tempore et commodi	2011-01-23T21:16:32.201Z
24	4	Ebba.Hane	1	Aut in cupiditate suscipit reprehenderit quae sequi. Magni aspernatur placeat amet veritatis sit. Dolor labore dolor in autem pariatur quaerat soluta. Quo eveniet et consequatur voluptatem.	1	21	est fugit sit	2014-11-04T04:40:40.632Z
25	0	Mable_Nader	1	Nostrum ipsum qui iste cumque laboriosam iste exercitationem. Et quasi alias nihil animi. Molestiae fuga culpa autem modi doloribus.	1	15	dolore maxime qui	2014-05-15T04:42:19.547Z
26	1	Ahmad_OHara63	1	Quasi quidem labore non velit ducimus dolore ab. Enim nemo commodi ex cupiditate vitae ut.	1	10	quos corrupti deserunt	2013-05-06T18:34:57.521Z
27	2	Coby37	1	Odio velit in omnis quia. Laboriosam enim quidem neque nihil harum consequatur.	4	14	qui amet sunt	2013-12-28T09:01:24.884Z
28	3	Jamie79	1	Cumque sint deleniti optio est porro molestias recusandae. Tempora minus iure incidunt aliquid quia consequuntur sequi maiores aspernatur. Dignissimos voluptatem consequatur enim est vero quia doloremque. Excepturi commodi aperiam beatae amet.	3	2	ab qui est	2010-09-26T23:40:11.346Z
29	4	Federico.Leuschke10	1	Minus modi aut delectus excepturi.	4	24	iste voluptatem rerum	2011-11-13T13:52:48.647Z
30	0	Libbie.Waters	1	Dolores cupiditate et laudantium placeat dolores in voluptate ratione qui.	0	19	impedit odit itaque	2015-11-05T18:30:29.873Z
31	1	Doris_Zieme	1	Cumque dolore incidunt reiciendis enim fugiat recusandae odio magni aut. Ut quasi ipsa nihil est eaque eum eum. Et qui unde est libero dolor possimus quis eveniet ipsum. Deleniti occaecati et quia dolore nobis sit cumque consequuntur neque.	2	8	hic enim ut	2017-02-23T15:06:01.681Z
32	2	Emilio_Jerde10	1	Delectus dicta id. Quod voluptatem vero dolor sit. Aspernatur quo voluptatem commodi laudantium ipsum repellat.	1	17	numquam omnis alias	2017-06-28T21:35:08.096Z
33	3	Madilyn_Schinner	1	Maiores facilis sunt excepturi dolorem quos vero quisquam. Ut rem cumque similique suscipit maiores voluptatem suscipit dolor non.	4	1	voluptatum voluptatum nihil	2011-09-26T15:23:47.861Z
34	4	Zander.Hodkiewicz	1	Dicta blanditiis consequatur sunt voluptatibus. Dolore temporibus qui cum et et perspiciatis.	4	24	tempore dolor beatae	2017-06-16T15:08:00.724Z
35	0	Marco.Flatley	1	Non possimus reprehenderit veritatis. Enim officiis illo accusamus ipsam quos aliquam libero facilis. Itaque eos ea est modi vel.	3	24	ipsam temporibus magni	2015-11-22T13:01:05.062Z
36	1	Eladio.Abbott	1	Quod qui quod maxime provident voluptatem expedita.	2	13	assumenda consequatur asperiores	2011-12-09T05:25:19.497Z
37	2	Domenic_Yost	1	Commodi occaecati eos adipisci perferendis impedit. Cumque et non et dolor quaerat. Nisi vel sit fugit ullam rerum nulla ratione dolore.	1	4	ut animi debitis	2017-01-09T13:30:47.732Z
38	3	Amparo.Wilkinson71	1	Enim qui beatae iste quia ut quia fugit odio enim.	0	16	modi blanditiis tempora	2011-11-13T23:23:10.684Z
39	4	Vivianne.DAmore64	1	Quasi sunt cum provident dolor vero cupiditate modi ex.	3	18	id quis eligendi	2012-08-19T05:38:31.282Z
40	0	Fidel_Bernier94	1	Impedit itaque necessitatibus labore facilis beatae asperiores earum officia id. Quo deserunt quos voluptatibus culpa suscipit. Autem ab aut et atque animi molestiae.	1	19	quis possimus assumenda	2016-08-02T23:45:07.733Z
41	1	Travon84	1	Possimus minima non earum molestias laborum numquam a dolorum laborum. Provident quidem hic et recusandae dolorem consequatur perspiciatis. Vel labore et culpa ab velit sunt reiciendis rerum.	1	4	delectus temporibus assumenda	2018-05-26T05:46:58.977Z
42	2	Vita88	1	Et quasi cumque voluptates ipsam eius recusandae.	5	23	sint rerum aut	2012-05-10T11:59:16.669Z
43	3	Deshaun.Willms	1	Facilis expedita quam quaerat. Et commodi aperiam porro voluptatem in.	0	8	incidunt corrupti repellat	2010-04-30T13:50:04.961Z
44	4	Shanny.Aufderhar66	1	Et dicta voluptates asperiores. Facilis minus harum magnam atque iusto voluptate eligendi. Reiciendis sed officia enim molestiae dolor qui ut natus.	2	10	pariatur ipsum qui	2012-07-29T17:50:30.311Z
45	0	Teresa68	1	Quos voluptates ut aut occaecati et earum. Doloribus neque dicta commodi adipisci et sapiente at quo. Sapiente aut consequatur fugiat rerum voluptatem.	4	4	aperiam vitae corrupti	2017-01-01T06:38:27.657Z
46	1	Jermain13	1	Consectetur perspiciatis dolor et.	1	24	repudiandae ullam tempora	2010-06-10T15:32:21.457Z
47	2	Kale99	1	Mollitia quaerat nam ut. Laborum similique quia consequatur nisi.	3	10	ut accusamus autem	2015-06-13T00:39:12.233Z
48	3	Jannie.Berge	1	Voluptas nisi possimus.	2	17	et in consequatur	2018-05-12T21:59:27.667Z
49	4	Mae58	1	Minus ea sit consectetur quam. Itaque minus accusamus quia debitis ut. Quo consectetur consequatur repudiandae provident totam.	4	19	autem doloribus eum	2018-10-07T02:42:56.637Z
50	0	Horace81	1	Ipsum aut harum praesentium animi. Autem aut nesciunt.	3	1	facilis quis sapiente	2015-04-19T09:19:32.490Z
51	1	Gilbert_Skiles	1	Quis vitae veritatis. Earum harum omnis. Quo odit sint. Corporis rerum aut et molestias.	1	11	corrupti at et	2014-02-01T08:28:19.897Z
52	2	Juwan55	1	Et qui dolore explicabo ipsum est.	2	21	id ex eos	2015-01-23T00:41:01.767Z
53	3	Orval.Hilpert2	1	Rerum mollitia aliquam quo possimus aut molestiae aut et.	3	9	laboriosam ipsam saepe	2010-05-12T18:59:03.266Z
54	4	Clotilde.Stamm	1	Sapiente et hic.	3	18	quos ut totam	2013-06-01T15:21:04.846Z
55	0	Alvena29	1	Et dolores amet tempora nihil. Reiciendis eos pariatur facilis nesciunt et sequi dolores blanditiis. Quasi labore eius voluptas fuga et quasi necessitatibus in excepturi. Accusamus eius officia asperiores ullam ipsam.	4	4	ut consectetur autem	2017-04-28T12:23:23.230Z
56	1	Eveline_Denesik	1	Fuga sed et esse quia expedita voluptas aliquam. Nisi odit sequi laboriosam aperiam ipsa. Qui sapiente voluptas. Nemo enim minima facere sit nesciunt totam architecto animi.	2	10	velit libero dolorem	2010-02-07T07:35:13.715Z
57	2	Raquel_Gislason	1	Maxime non officia iure aliquid aut ratione suscipit dolores suscipit. Tempora beatae velit eius cum totam omnis. Quos et consequatur sit voluptates voluptatibus maiores sunt aut voluptatibus.	3	11	qui animi aut	2010-10-24T04:45:02.834Z
58	3	Natalia.Johnson10	1	Laborum dolorem odio facere et voluptatibus exercitationem veritatis. Delectus consectetur nesciunt pariatur placeat rerum ullam voluptas porro aperiam.	4	14	itaque doloremque voluptates	2015-03-21T13:30:36.931Z
59	4	Leanne14	1	Voluptate non quibusdam inventore fugit quas. Aut ratione earum. Rem non velit.	1	14	ipsam sequi iure	2012-06-25T20:44:21.993Z
60	0	Buddy_Mosciski43	1	Quae dolores iste alias voluptatem nostrum libero. Id alias alias qui dolorem. Voluptatem praesentium quo in est facilis. Quis et maiores possimus sunt dolorem vitae dolor.	2	16	vel earum fugiat	2017-05-06T18:58:37.214Z
61	1	Janiya.Bradtke	1	Sed amet ratione eius occaecati quas quae voluptatem laborum debitis. Voluptas tempora inventore et. Numquam incidunt quasi eaque neque a non aspernatur.	4	1	architecto animi consequatur	2013-08-25T08:25:02.227Z
62	2	Josefina.Nikolaus35	1	Qui corporis velit. Expedita earum animi.	1	3	omnis quod corporis	2011-08-14T23:35:09.094Z
63	3	Dixie.Hettinger	1	Illo quibusdam consequatur consequuntur omnis suscipit aut illo repellendus. Sit expedita expedita ducimus eligendi maxime sed autem alias. Explicabo ut laudantium quod beatae beatae. Qui quibusdam modi maxime in.	5	3	voluptatibus sunt ea	2011-06-17T22:05:10.333Z
64	4	Marilou_Maggio	1	Tempora aliquid enim nesciunt ad sunt. Cum quam sint amet dolor aut cum et. Expedita iusto voluptas mollitia asperiores omnis voluptas officia.	3	0	aspernatur excepturi qui	2010-11-05T02:52:08.606Z
65	0	Conner87	1	Nihil reiciendis non quos et quia eos commodi suscipit.	0	21	a inventore consequatur	2011-07-19T06:15:16.104Z
66	1	Rodrigo.Zboncak	1	Eveniet pariatur ipsam. Velit ullam atque modi labore. Impedit molestias dicta vel deleniti.	1	13	natus quia architecto	2011-05-19T01:07:22.386Z
67	2	Rhoda45	1	Aspernatur necessitatibus expedita dignissimos autem et quod ipsum. Neque quia et et expedita nihil voluptatem voluptates sit. Veniam quas labore cum amet sunt.	1	4	culpa accusantium sit	2014-08-06T21:06:50.850Z
68	3	Elijah64	1	Nihil unde non cum. Aut quae sint quo sed libero eum nostrum.	0	20	libero incidunt cumque	2015-02-13T16:48:28.326Z
69	4	Arianna.Lindgren	1	Eius molestias facilis nisi enim doloribus laudantium. Quia dicta quod molestiae voluptas. Quod sint voluptatem rerum expedita perferendis praesentium culpa.	1	23	maiores qui tenetur	2011-09-30T17:26:52.414Z
70	0	Ethelyn_Gusikowski	1	Qui et nobis rem officia quo voluptatibus minus facilis placeat. Beatae veniam voluptatem doloribus qui veritatis inventore molestias. Quas ut ut doloribus voluptas sunt eaque doloremque error.	3	15	non laborum impedit	2015-03-01T22:10:38.110Z
71	1	Tara_Collins	1	Nesciunt ipsam accusantium aut velit aut ducimus quos aut.	4	6	ex molestias corrupti	2017-04-05T01:15:00.224Z
72	2	Kelsie_Tillman	1	Voluptas et et ut velit vitae.	3	11	dolores tenetur debitis	2014-01-02T19:12:14.477Z
73	3	Wendell_Abshire39	1	Nemo rerum natus consequatur omnis velit.	4	13	error dicta adipisci	2018-08-09T06:32:24.882Z
74	4	Dianna31	1	Eaque dolorem qui maxime reprehenderit. Vero esse explicabo sit reprehenderit dolorum. Quisquam et voluptate.	3	7	enim neque est	2010-10-06T13:24:37.139Z
75	0	Floyd6	1	Asperiores voluptas et aut.	3	14	quis provident nisi	2012-04-11T12:05:39.457Z
76	1	Max9	1	Ipsum minus possimus. Dolor magnam quia dolore excepturi provident aut. Amet voluptatem repellendus est delectus est dolor distinctio numquam.	5	16	quod esse neque	2016-10-23T21:57:53.909Z
77	2	Demetrius33	1	Sint enim ut temporibus voluptas aut voluptatem voluptas. Quam sed qui. Explicabo eos vel dolor.	2	9	rerum quia qui	2014-04-18T04:29:49.584Z
78	3	Ofelia16	1	Cum quam vero impedit aliquid iure quis.	3	23	consequatur voluptatem nihil	2018-09-05T11:05:58.306Z
79	4	Desiree.Monahan7	1	Suscipit eum neque nam ipsam voluptatem. Iure ipsa pariatur minus ducimus expedita eligendi magnam facilis et.	1	25	aut laudantium possimus	2012-03-30T15:24:19.921Z
80	0	Hardy72	1	Sed consequatur reprehenderit corrupti et possimus repellat. Qui error libero. Error non sint sed sit aspernatur animi pariatur. Tempora repellendus consequatur quaerat ipsum sed.	4	2	ut qui sed	2013-04-02T20:49:24.886Z
81	1	Lila_Wilkinson88	1	Quia aut nam distinctio repellat sed culpa soluta consequatur praesentium. Quam nobis cum perspiciatis.	0	2	recusandae repudiandae dolor	2018-07-30T14:22:42.827Z
82	2	Mable.Towne45	1	Deserunt aspernatur explicabo id sit necessitatibus dolore aliquam nesciunt. Consequatur quaerat quo tempora aspernatur fugit laudantium veritatis et. Asperiores voluptate sunt.	1	0	tempore ipsa minus	2013-11-03T02:39:48.333Z
83	3	Mortimer_Bruen	1	Eius est nesciunt quo.	3	0	ea ex aut	2010-05-28T20:21:17.659Z
84	4	Rhoda_Robel	1	Aliquid tempora ut molestiae dolores aliquid asperiores corporis reprehenderit. Voluptatem velit expedita nihil placeat vitae magnam voluptatem.	3	17	nostrum sint laboriosam	2014-12-23T17:42:03.327Z
85	0	Meggie49	1	Atque sunt et commodi soluta voluptatum beatae error.	0	4	repellendus eligendi placeat	2016-07-11T06:49:29.802Z
86	1	Vallie_Collier85	1	Itaque ipsum nemo sit. Eveniet dolores est eum. Exercitationem aut sed officia ut in sed ut ab. Dolore tempore aliquid at dolorem rem.	4	15	nobis corporis omnis	2014-09-11T02:04:09.496Z
87	2	Jennings.Champlin54	1	Suscipit et nobis vel aperiam architecto consequuntur cum architecto aut. Odio voluptatum harum rerum dolorem blanditiis consectetur qui ducimus.	3	7	atque omnis soluta	2013-09-08T14:59:42.036Z
88	3	Courtney8	1	Laborum at ea nobis illum.	4	1	quia assumenda adipisci	2014-11-16T23:37:00.424Z
89	4	Imogene.Bogisich8	1	Possimus aspernatur enim. Et atque expedita. Quaerat quis molestiae adipisci et. Blanditiis molestiae iste nostrum quas necessitatibus dolorem sint corrupti ut.	2	19	facere delectus omnis	2013-01-03T19:01:03.968Z
90	0	Osbaldo53	1	Totam sunt velit. At assumenda quia laudantium asperiores deserunt et accusamus.	1	11	deserunt necessitatibus consequatur	2015-05-10T12:40:22.526Z
91	1	Delbert_Beatty35	1	Sit est qui cumque. Doloribus dolorum commodi corporis. Ut quia debitis sapiente qui harum et. Quibusdam ratione et sint sint.	1	11	ipsam consectetur autem	2011-03-09T09:55:06.969Z
92	2	Alysha.Bahringer	1	Laudantium veritatis expedita. Aut est perspiciatis. Ipsam deserunt voluptatibus omnis assumenda ut.	4	12	qui officia officia	2014-03-23T00:03:29.738Z
93	3	Lonzo_Schmidt65	1	Et ea dolores sunt ad et minima explicabo quis. Rerum dolorum temporibus dolores ullam et. Sed et rerum.	2	15	voluptatibus id ipsa	2014-10-18T00:45:50.766Z
94	4	Janice_Walsh36	1	Corrupti odio fugiat aperiam inventore harum. Aspernatur eum eum quidem.	0	24	sit ea aut	2013-02-15T09:49:01.701Z
95	0	Dillon_Hodkiewicz	1	Voluptas dolores sit voluptas magni qui sapiente sit error. Tempore molestiae est dignissimos temporibus recusandae repellendus quo et. Ut culpa nulla. At ut cumque saepe.	2	22	est et aliquid	2012-06-19T08:22:19.735Z
96	1	Wilfred_Konopelski	1	Aut fuga qui modi veritatis autem et unde.	3	2	dolor ut inventore	2016-10-08T07:55:41.852Z
97	2	Nyah60	1	Ipsa vel enim enim praesentium. Reiciendis aut dolorem sunt. Facere recusandae ipsa ut molestias est reprehenderit dicta dolores. Adipisci doloribus expedita enim ipsum.	0	17	delectus soluta amet	2010-08-09T12:55:44.043Z
98	3	Eliza.Padberg34	1	Explicabo corporis iure impedit voluptatem error. Error libero sint voluptate voluptate et minus doloribus eos cum.	4	6	natus libero tenetur	2012-10-15T19:36:49.606Z
99	4	Joy_Paucek	1	Voluptas et officia sit numquam neque unde. Omnis iure soluta. Officia rerum optio quia. Consequuntur provident unde.	5	4	soluta modi est	2014-03-17T13:54:40.610Z
100	0	Baron_Rippin18	1	Expedita nesciunt aut. Nisi totam est soluta vitae est ducimus aspernatur eos. Error sed nam est sed molestias velit incidunt qui. Labore in provident nisi et dolorem id accusantium vitae tempore.	3	10	laboriosam suscipit debitis	2010-10-01T22:47:58.142Z
101	1	Noble_Abernathy43	1	Autem omnis molestiae et est officia aut. Magni velit maxime. Sed molestiae voluptas eum suscipit aut.	0	22	pariatur ut dolor	2018-09-27T00:38:10.662Z
102	2	Missouri_Quitzon60	1	Cupiditate quam fugit nihil. Velit ea voluptatem ipsa similique unde vero. Ea ipsum consequuntur quia. Consequatur quia et assumenda sit ea occaecati nisi officia.	5	24	incidunt dolorem iusto	2013-02-25T03:15:24.784Z
103	3	Isabelle.Shanahan	1	Repudiandae impedit atque aut velit adipisci dolor error quia. Qui hic ea nobis possimus voluptates aliquid. Et eum blanditiis nobis. Vero natus eius nesciunt culpa.	1	9	saepe quia quibusdam	2015-10-24T10:54:20.148Z
104	4	Mikayla.Goyette17	1	Velit aut nemo laborum dolorem rerum quod facere. Hic optio molestiae sed occaecati numquam. Laborum enim non qui aut. Eveniet fugiat aut.	4	1	assumenda eligendi et	2011-02-28T08:53:55.480Z
105	0	Emil_Zulauf	1	Mollitia quam dolores aut. Impedit non autem at enim labore.	4	11	eveniet assumenda sed	2011-05-13T12:29:57.137Z
106	1	Marley.Stehr48	1	Quasi animi rem occaecati. Dolore perspiciatis ut ipsum velit autem.	3	24	qui provident quis	2015-06-07T04:16:03.787Z
107	2	Greg.Morar97	1	A deleniti quibusdam officiis incidunt.	4	21	libero magnam eligendi	2015-02-11T13:13:20.990Z
108	3	Keagan59	1	Aut in eaque minus aut repudiandae optio corrupti animi.	2	2	harum placeat nesciunt	2018-10-19T10:27:02.593Z
109	4	Jameson_Bruen64	1	Est qui ipsa et quis maiores. Vel ullam quos necessitatibus autem id omnis.	5	14	natus sapiente iusto	2013-04-27T10:50:49.838Z
110	0	Maymie.King	1	Possimus nobis aliquam libero vero quia quisquam. Ut qui iure voluptates ut id distinctio vero. Quod maxime eos tenetur sit vitae quis suscipit mollitia illo. Facere dolorem quis neque voluptas et.	4	7	delectus voluptas ipsum	2011-05-29T13:44:19.886Z
111	1	Irma.Marquardt53	1	Optio qui assumenda dicta. Rerum harum illo quas ut facere voluptas illo dignissimos. Deleniti quia molestias sed corporis iste fugiat consequuntur omnis.	4	3	at id sit	2017-06-29T19:06:48.213Z
112	2	Demario33	1	Mollitia sapiente et distinctio ipsa deserunt. Porro fugit delectus numquam quia eveniet molestias voluptatem quos.	4	15	ullam pariatur dolores	2015-09-05T01:35:55.597Z
113	3	Albin_Ritchie	1	Ut maiores et aut sunt possimus earum ut animi. Soluta eum aliquam ut porro impedit voluptatem. Vel maxime dolores iusto dolor et et. Quos fugit aut molestiae eveniet quaerat dolores nam veniam est.	5	3	sequi numquam porro	2018-02-23T02:49:37.826Z
114	4	Bria_Rolfson38	1	Et sit officiis et sed sit expedita dolorem facilis ipsa.	3	17	laborum numquam ut	2015-03-22T06:36:25.883Z
115	0	Rylee36	1	Ducimus fugiat dolorem et est est enim voluptas iusto sapiente. Fuga quam eos porro incidunt dolorem laudantium inventore sit eum. Iste quia quia a commodi et.	3	14	iure alias eum	2012-04-03T21:49:45.953Z
116	1	Alvis_Abshire34	1	Et sed et eos dolores. Maiores labore qui enim. Dolorum accusantium dignissimos qui alias est fuga ut aspernatur. Aut officiis ut voluptas pariatur iste quisquam.	0	24	asperiores recusandae quia	2018-02-16T19:26:10.807Z
117	2	Ashlee_Haley	1	Beatae quam ipsum molestias quae repellat placeat iusto. Qui qui voluptas vitae doloribus. Ut aut id.	3	15	porro repudiandae rerum	2014-03-19T06:58:53.653Z
118	3	Ignacio_Bernhard	1	Cupiditate neque possimus. Quas unde recusandae.	2	9	rerum qui ullam	2015-12-30T14:57:48.688Z
119	4	Marilou.Barton	1	Iste sint recusandae quo deserunt omnis non qui deserunt. Laborum consequatur unde quod provident aliquam dolore.	3	25	consequatur beatae consequatur	2011-08-12T17:02:29.525Z
120	0	Wanda_Bailey	1	Repudiandae aut mollitia autem voluptas accusamus dolor. Ut ipsam voluptatem eum amet. Id adipisci sed explicabo ipsum natus odio consequatur.	5	9	voluptas quos aut	2016-02-15T06:04:22.812Z
121	1	Viviane.Kunde6	1	Veniam maiores non.	5	7	laborum molestiae aliquid	2018-05-17T19:50:12.015Z
122	2	Prudence74	1	Consequatur facere quod. Dolorem voluptatem recusandae maiores maiores et aliquam. Unde voluptates soluta molestiae eos quasi.	0	13	et commodi dolor	2018-06-13T14:36:05.259Z
123	3	Jada.Hessel27	1	Corrupti sequi vel illum sint. Aliquid in repellendus possimus ipsa et ratione dolores ut quas. Hic ea laboriosam eius. Commodi iusto rerum dolorem consequatur consequatur minus.	3	15	dicta voluptate alias	2018-05-27T18:17:52.596Z
124	4	Felipa_Torp	1	Totam ipsum tempore aut sint quidem distinctio. Eveniet et laboriosam cumque reiciendis. Dolorem in accusantium.	2	5	asperiores ut culpa	2014-08-08T00:00:54.897Z
125	0	Waylon.Howe	1	Nobis itaque voluptatum eius est. Eum quos soluta debitis voluptatem voluptatem omnis qui.	4	3	facilis animi natus	2013-02-20T21:12:46.915Z
126	1	Luther_Skiles60	1	Adipisci sint aut excepturi et rem quasi numquam.	4	24	dolor sint recusandae	2014-12-09T02:46:32.134Z
127	2	Felicity.Witting38	1	Dolor sit tempora aut eos aliquam quis ut exercitationem. In qui magnam porro rerum. Quos porro atque nulla soluta sint vitae.	4	6	neque tempora tempore	2018-02-03T13:35:09.734Z
128	3	Amber.Marvin69	1	Ea minima corporis fugit voluptatum expedita aut dolor veniam. Qui ut necessitatibus. Enim dolore sit officia quis sit.	1	22	et deleniti assumenda	2014-03-06T22:12:58.536Z
129	4	Shanie.Lubowitz65	1	Cumque illum non hic facere. Dignissimos facere ut aspernatur quos velit. Aut quas et vel et. Consequatur illum tempora blanditiis.	4	1	quis vitae dolores	2016-12-21T08:08:18.057Z
130	0	Mateo.Okuneva	1	Voluptatem voluptatem accusantium eligendi in sed rerum at similique.	3	10	magnam sint aliquam	2013-12-03T22:14:59.742Z
131	1	Zelma57	1	Nam accusantium ipsa sequi. Sit repudiandae voluptatem ex et ut mollitia laborum. Et ad aut quis eum.	3	7	voluptatem error qui	2012-01-06T02:03:19.308Z
132	2	Katelin.Goyette39	1	Non voluptates quae adipisci quia sed dolor eos vel. Unde qui qui eos dicta molestias sit molestiae quisquam. Quia tempora expedita qui velit. Impedit quibusdam earum alias dolorum provident ratione.	5	21	omnis architecto rem	2017-05-01T01:00:58.852Z
133	3	Nelda_Wintheiser	1	Rerum sed aut officiis molestiae nihil et. Quo id sed repellat saepe delectus officia repellendus voluptas. Qui sapiente beatae enim soluta. Aliquid facilis ut sed deleniti inventore et minima.	1	21	delectus numquam esse	2015-04-22T00:01:57.901Z
134	4	Orpha13	1	Est omnis qui. Commodi distinctio labore facere est quia aut quam.	2	22	ab sit molestias	2016-05-30T03:02:47.895Z
135	0	Terrill.Schumm55	1	Eius magni ut. Beatae a sed.	4	16	eligendi facere perspiciatis	2018-10-19T00:58:22.025Z
136	1	Germaine_Reilly24	1	Vitae rerum distinctio.	0	24	consequuntur et dignissimos	2013-09-27T18:23:10.808Z
137	2	Rashad_Orn	1	Rerum consequatur non totam ducimus blanditiis quae quia similique.	2	13	nobis quis rem	2013-05-15T11:30:24.035Z
138	3	Retta_Stoltenberg38	1	Voluptatem fugit dicta ratione id.	3	12	in eligendi in	2010-10-23T23:26:54.837Z
139	4	Gilberto47	1	Quam consequuntur vitae maiores amet qui accusamus quos. Error earum adipisci id quaerat facere veniam. Explicabo quo autem aliquam aliquam consequatur quam inventore.	3	25	rerum sed est	2010-07-21T19:44:38.381Z
140	0	Montana22	1	Recusandae dicta omnis.	4	10	quis dolorem aut	2016-06-29T09:43:30.022Z
141	1	Ransom.Berge	1	Accusamus id accusamus neque non exercitationem provident. Corporis accusamus laborum commodi nihil incidunt consequatur hic sit. Quod saepe velit tempore adipisci deleniti. Dolore est quis.	2	18	voluptas sapiente dolor	2010-11-09T09:55:12.574Z
142	2	Efren_Shanahan	1	Iste doloribus commodi voluptates error qui aspernatur sit aut. Iure quia fugiat asperiores est qui id. Et ut aut quae temporibus blanditiis. Pariatur aspernatur velit.	0	4	facilis odit et	2017-03-01T03:49:45.555Z
143	3	Mylene_Bruen	1	Tenetur fuga optio assumenda aspernatur quia. Eveniet et quis laudantium deleniti nisi esse incidunt. Itaque impedit ipsa rerum in.	0	23	dolores debitis consequatur	2017-10-25T03:12:15.291Z
144	4	Haleigh.Barton	1	Placeat sunt voluptatum consequatur et.	4	23	maxime exercitationem qui	2018-07-22T01:17:45.928Z
145	0	Jamaal_Dickinson39	1	Provident amet in. Minus rerum cupiditate sit consequatur enim cum ipsum quia. Quia placeat quia animi. Exercitationem dignissimos reprehenderit iusto eligendi delectus aut.	3	3	temporibus dignissimos molestiae	2015-03-08T06:23:29.221Z
146	1	Mckayla67	1	Vero quam quaerat ut recusandae libero expedita quasi quasi voluptatem.	2	6	qui tenetur mollitia	2013-01-26T17:15:56.974Z
147	2	Rudy.Labadie1	1	Aliquid consequatur nisi impedit porro. Et ipsa dolorem.	4	7	reprehenderit et et	2013-12-17T17:35:02.911Z
148	3	Silas51	1	Qui inventore laudantium assumenda cum reprehenderit placeat non non porro. Consequatur rem doloribus provident enim animi dolor et nostrum iure. Exercitationem fuga minima officiis laborum quisquam alias cumque omnis. Rerum natus blanditiis velit quasi.	0	9	laborum quae provident	2018-08-20T16:18:03.788Z
149	4	Hyman80	1	Facilis est tempore dolor cumque qui soluta est voluptate alias. Eligendi rerum reprehenderit quam dolores qui doloribus. Deleniti corporis corrupti cumque.	3	10	dolores autem qui	2011-07-05T03:27:12.184Z
150	0	Vidal89	1	Vel magni iure quisquam harum atque earum. Ipsa esse aut maxime libero omnis. Modi ab sed libero molestias dolore.	3	9	eos omnis asperiores	2010-02-23T14:33:07.284Z
151	1	Myrtie.Kilback7	1	Dolorem pariatur tempora ipsa.	1	6	voluptas vitae consequatur	2018-05-14T00:25:54.536Z
152	2	Marlee74	1	Facilis repellendus atque totam sequi dignissimos qui aspernatur. Est a quisquam numquam porro omnis fugiat et beatae.	3	6	veritatis tenetur consequatur	2016-12-14T23:22:51.126Z
153	3	Jairo6	1	Perferendis dolore odio. Officia labore optio explicabo numquam facere dignissimos nulla illo.	2	15	vitae quos ex	2015-06-02T03:26:40.455Z
154	4	Zella55	1	Non nulla eligendi odit rem nobis. Laboriosam ea eligendi est voluptatum iusto consequatur. Officia dolores at repellat. Fugit sit quia laborum in optio id aperiam laborum amet.	3	8	perspiciatis doloremque eligendi	2017-08-28T07:41:36.865Z
155	0	Nils89	1	Earum voluptas at et delectus distinctio ipsam neque consequuntur. Reiciendis omnis quia consequatur quia aut enim ea.	0	20	voluptatem adipisci est	2014-04-06T13:14:42.726Z
156	1	Mabel67	1	Facere consequatur pariatur ut dolorem sed. Sequi et rerum rerum repellendus aut. Odit optio aut facere odio temporibus similique earum.	5	17	necessitatibus accusamus aut	2017-06-12T03:04:32.646Z
157	2	Lila.Tromp26	1	Quis aperiam occaecati et. Qui quidem et nulla et a deleniti adipisci tempore. Illo perferendis eaque velit. Quis incidunt est itaque provident autem voluptatum ut excepturi.	4	17	qui laudantium quae	2012-09-10T19:18:40.712Z
158	3	Belle.Schuppe	1	Totam consequatur culpa sunt. Et tempore enim odio harum. Et blanditiis voluptatem soluta suscipit quia exercitationem tenetur. Repellendus harum architecto.	5	14	suscipit eveniet dolorem	2013-08-31T04:31:13.099Z
159	4	Zetta.Weimann30	1	Dolor placeat incidunt. Nam nemo saepe est maxime.	3	16	officiis quidem veniam	2010-06-09T17:21:51.611Z
160	0	Devante.Waters15	1	Dolorum aut porro placeat ut itaque magnam dolor sed autem. Possimus quod quam et consequatur unde delectus. Ipsa debitis accusantium.	2	0	vitae aut nobis	2014-06-29T16:18:49.818Z
161	1	Juston30	1	Aut maiores rerum aliquam explicabo consectetur nisi asperiores consequatur. Odio laborum officia est consequatur ut. Sunt illum optio qui earum voluptate quo eum repellendus.	4	13	doloremque iure officiis	2018-06-12T22:32:43.723Z
162	2	Alan_Skiles98	1	Officia ipsam ipsum qui quasi ea. Necessitatibus est officia ea eos consequatur.	0	8	ea ab nostrum	2017-10-25T20:48:23.286Z
163	3	Lourdes_Dibbert	1	Fugit minima tenetur laborum ex consequatur aut mollitia placeat. Repellendus perferendis sed. Nostrum nobis non illum ducimus.	3	15	laudantium et rerum	2012-03-04T10:35:08.308Z
164	4	Murray_Bernhard	1	Sit vero non optio enim voluptas nesciunt distinctio maxime est.	2	3	est dolorum in	2017-04-08T18:09:12.755Z
165	0	Seth_Roberts93	1	Assumenda autem dicta odio voluptatem dolorum iste itaque architecto fugit. Culpa atque suscipit. Atque dolor ut reiciendis asperiores. Ea qui ratione earum nihil voluptatibus quod repellat sit.	4	14	consequuntur expedita odit	2014-09-06T11:32:37.461Z
166	1	Allen.Reilly92	1	Ut nam suscipit asperiores ut magni nostrum laborum.	2	18	cupiditate modi ut	2012-04-06T04:21:06.391Z
167	2	Katlynn.Stoltenberg55	1	Quibusdam accusantium culpa velit velit. Provident in quia rerum ducimus et cupiditate.	3	4	illum est nesciunt	2010-10-13T23:29:54.076Z
168	3	Lilliana49	1	Accusamus adipisci expedita quidem repellendus exercitationem laborum voluptate natus similique.	3	19	ea veritatis soluta	2014-08-17T13:17:59.235Z
169	4	Marley.Lebsack79	1	Iusto minima tempora. Error sit modi incidunt et sunt quae autem quidem. Eveniet qui et blanditiis libero. Qui nihil aut quis minima dolorum libero corporis itaque dolores.	3	4	consequatur quidem libero	2014-05-20T00:25:22.873Z
170	0	Pasquale60	1	Et quaerat laudantium qui incidunt id. Id dicta voluptatum et.	3	11	similique impedit et	2018-01-16T05:14:18.558Z
171	1	Marlin_Will	1	Consequatur minima itaque doloribus pariatur. Aut amet sit et cupiditate. Amet quo modi sunt cupiditate eum iusto asperiores voluptas ipsum. Voluptate tenetur veritatis hic.	4	1	at architecto et	2014-05-29T14:03:20.149Z
172	2	Ernestine36	1	Perferendis dignissimos expedita ut est dignissimos harum aperiam occaecati.	0	2	voluptatum est provident	2015-10-16T13:41:58.041Z
173	3	Connor_Murray27	1	Rem fugiat sunt voluptatem ut nesciunt corrupti vero inventore dolor. Aut a quo maxime cupiditate aut accusantium blanditiis ab.	4	15	sed beatae et	2012-06-27T19:23:33.270Z
174	4	Tyrell.Schmidt	1	Fugit minima laborum est ut. Excepturi blanditiis labore quo aut amet vel consequatur temporibus vel. At accusamus consequuntur qui autem. Porro eius debitis beatae cupiditate et voluptatibus quibusdam quod.	1	5	eius quibusdam aut	2014-09-20T20:10:36.004Z
175	0	Gayle.Sipes46	1	Aut perspiciatis animi reiciendis sed optio consequatur. Non possimus et non laudantium eaque harum qui doloribus sit. Quia explicabo reiciendis dolor itaque sed occaecati voluptatibus voluptatem sed.	4	8	iusto ut consequatur	2017-02-10T08:20:32.697Z
176	1	Janae54	1	Optio placeat dolor deleniti. Facere est eveniet asperiores.	1	22	perferendis itaque eos	2010-12-13T14:36:03.393Z
177	2	Madonna24	1	Fugit ea vero ea sit. Voluptatem ullam dolores dicta saepe et assumenda dolor omnis officiis. Omnis explicabo et error assumenda. Eos sint voluptas quos exercitationem ea.	1	5	vero natus soluta	2017-01-19T17:07:45.840Z
178	3	Emil.Pollich21	1	Vitae nam iste occaecati sed.	4	20	adipisci dolores eum	2010-11-07T07:16:15.404Z
179	4	Vladimir.Rolfson74	1	Eveniet est vitae aut aliquid. Nulla neque pariatur qui. Et quo earum atque laudantium quia laborum mollitia illum.	5	24	hic similique aut	2016-12-25T14:25:35.151Z
180	0	Christop_Borer	1	Deserunt pariatur laudantium autem mollitia dignissimos numquam ipsum. Atque et enim maxime magni quae. Et occaecati sunt. Ipsum ipsam odio.	3	2	pariatur eligendi eveniet	2018-06-18T23:14:27.325Z
181	1	Jerrod_Goldner30	1	Pariatur molestias placeat officiis ratione vero et. Doloribus enim dolores itaque iusto est.	4	10	laborum itaque aut	2011-08-12T01:31:53.504Z
182	2	Orville.White	1	Illum voluptatibus autem repellendus ducimus.	0	19	quia voluptates maxime	2016-08-18T23:19:20.086Z
183	3	Damion77	1	Quis et nostrum sint.	3	17	ipsum suscipit ut	2017-09-25T21:02:37.923Z
184	4	Carole.McCullough	1	Unde et cumque. Expedita est ut corrupti quas modi nobis.	2	6	provident et repellat	2015-06-30T01:24:00.081Z
185	0	Marielle23	1	Dicta ullam autem consequatur ipsum id. Natus ea odio ab itaque doloremque eius.	3	6	occaecati velit pariatur	2011-12-28T18:23:07.243Z
186	1	Lincoln23	1	Quia voluptates ut cum tempora omnis quo unde omnis. Repudiandae fugiat accusantium.	3	5	provident qui architecto	2018-09-21T03:56:10.399Z
187	2	Darrel_Corkery75	1	Velit vitae adipisci magnam doloremque laborum reiciendis omnis deleniti. Et cupiditate quos voluptatibus rerum dolor ut. Beatae dolores cum at.	1	5	dicta doloribus et	2015-10-30T10:39:19.782Z
188	3	Megane_McCullough	1	Ab ea fugiat delectus dolores. Ut maiores illo officiis tempore et veniam.	3	4	expedita quam dicta	2012-11-08T19:49:44.878Z
189	4	Gwen70	1	Doloremque quo et. Atque ea est dolor voluptatem qui aliquam quaerat. Repellat eligendi aut.	0	23	sint accusantium sint	2010-10-08T10:31:11.194Z
190	0	Brook.Armstrong	1	Qui quam eum. Qui sint eos. Ut veniam ut rerum. Eos placeat et necessitatibus unde corporis temporibus iusto aut vel.	2	8	adipisci quos cum	2017-09-23T05:07:21.346Z
191	1	Danny81	1	Consequuntur qui consequatur quibusdam sapiente commodi debitis in. Repellendus provident molestias placeat quibusdam reiciendis dolorum debitis fuga consequatur. Dolores culpa eligendi alias quam ipsum accusamus fugit id quod.	1	24	quos neque facere	2017-09-22T19:07:46.427Z
192	2	Eladio_Ruecker	1	Consequatur voluptas adipisci veritatis accusamus occaecati. Distinctio quos perspiciatis nobis rem deserunt temporibus saepe. Praesentium modi voluptate ipsa non excepturi optio nulla dolore molestias. Libero qui dignissimos et quae reprehenderit.	3	4	neque ullam similique	2017-11-04T13:15:08.418Z
193	3	Brielle36	1	Nostrum explicabo illum. Explicabo modi consectetur in eos.	3	17	facilis est aut	2012-09-05T20:58:52.326Z
194	4	Arnaldo_Donnelly75	1	Aut quo libero aut omnis. Vitae perferendis ad ipsa.	1	23	iusto adipisci aliquid	2014-12-06T14:42:32.073Z
195	0	Nathaniel91	1	Error aperiam eaque consequatur quia eos eum nemo consequuntur. Voluptatibus facere rem voluptatem ad inventore repellat ea autem.	4	6	iure aliquam repudiandae	2016-09-10T07:03:35.789Z
196	1	Dalton_Cassin46	1	Dolor autem minima quae maiores corporis beatae quidem. Voluptas unde error voluptates. Tempora et sit excepturi provident qui. Rerum molestiae voluptas doloremque.	2	1	architecto natus assumenda	2018-02-08T14:19:09.989Z
197	2	Zetta.Yost	1	Illo sint maxime asperiores eos blanditiis et perspiciatis quas.	1	23	nulla veritatis adipisci	2011-08-25T08:07:19.437Z
198	3	John_Gerhold9	1	Odit aliquid enim quo tempora saepe eligendi ullam. Doloribus quia necessitatibus molestiae odit at iste. Ut beatae culpa sint.	1	21	corporis cum dicta	2016-12-29T02:33:44.062Z
199	4	Ferne_Thompson	1	Optio facere perspiciatis ut architecto. Vero iste saepe similique. A enim temporibus.	1	1	dolor soluta sit	2015-07-02T02:40:56.684Z
200	0	Paula11	1	Earum odio consequuntur velit tenetur illo laudantium qui sint.	4	3	quo voluptatum consequatur	2014-08-10T14:54:53.953Z
201	1	Harmony.Zemlak	1	Totam quod magnam accusantium ullam eaque saepe voluptatem rerum. Ut nemo sequi culpa est sit magnam dolor ex. Qui a natus et ut optio quia accusantium explicabo. Possimus pariatur omnis aut vel quidem nisi excepturi.	3	9	et unde ut	2012-01-26T14:36:34.531Z
202	2	Chance.Mraz73	1	Voluptate sequi perspiciatis dolorem modi quasi consequatur rerum hic. Voluptatem et sit nulla sint sequi vitae aut quia.	1	7	eligendi earum molestiae	2015-11-05T00:45:46.869Z
203	3	Benedict3	1	Blanditiis dolorum optio voluptatem fuga sequi iure velit. A rerum est ratione rerum fugiat ut non.	3	2	unde provident sed	2015-10-26T04:27:01.397Z
204	4	Gertrude_Franecki63	1	Ullam esse accusamus consectetur aut consectetur dolorem consequatur porro. Explicabo tempora omnis et molestiae nobis eius. Minima dignissimos quia quasi quisquam expedita. Qui eaque et pariatur at ducimus illum.	0	12	reiciendis odit enim	2012-08-28T05:45:14.009Z
205	0	Hector75	1	Dignissimos explicabo enim. Corporis rerum cum. Ad excepturi et.	3	19	laborum voluptatum ratione	2011-09-19T16:32:12.997Z
206	1	Susie_Smith	1	Molestiae aut numquam. Recusandae est sit eveniet facilis aut quam.	4	5	eos et reprehenderit	2016-01-12T00:16:51.919Z
207	2	Alexys_Cartwright78	1	Ea corporis aut et. Beatae ut dolore saepe illum quasi atque molestiae. Voluptatem consequatur saepe eius consectetur dolorem sit aperiam.	5	22	sapiente velit sed	2016-08-21T03:00:20.173Z
208	3	Juston_Keeling69	1	Aspernatur provident labore molestiae corrupti optio eos.	4	7	fugiat voluptates quasi	2014-10-28T20:54:17.655Z
209	4	Bart.Murphy99	1	Maxime inventore vel culpa molestiae molestiae dolorum minima. Enim enim harum aut incidunt dolorem molestias dolorum doloribus occaecati.	4	12	est quia necessitatibus	2016-03-21T03:25:09.430Z
210	0	Sunny52	1	Non animi nulla non inventore reprehenderit est. Odio et in numquam vitae a architecto ad. Qui quo numquam quas et ut dolor quas perferendis deserunt.	3	25	deleniti consequatur beatae	2011-02-26T00:12:28.794Z
211	1	Josianne.Beahan93	1	Sunt laboriosam eveniet sed recusandae provident eum labore ducimus.	2	9	ipsum ab mollitia	2015-03-14T07:53:20.927Z
212	2	Osvaldo45	1	Dolores consectetur unde tenetur et qui cumque error nihil quaerat. Et est et nisi qui quaerat atque veritatis enim. Amet et error numquam fugit quaerat ducimus.	2	11	deleniti quam omnis	2015-09-22T05:27:13.223Z
213	3	Vernie_Jakubowski	1	Distinctio ab sed reprehenderit sed dolor quidem dolorem.	4	9	reprehenderit quae labore	2010-02-24T03:30:53.085Z
214	4	Delfina.Hoeger16	1	At dolores impedit et numquam minima tempore impedit. Nobis ut nemo adipisci totam. Architecto consequatur iure sequi.	2	2	repudiandae numquam nam	2015-06-04T15:32:31.680Z
215	0	Ramon_Hettinger53	1	Ut repellat doloribus illo.	5	24	nostrum sint sapiente	2012-05-08T08:11:02.342Z
216	1	Jeffry_Jones	1	Repellat aut blanditiis modi modi dolores enim suscipit dolores. Illum harum perferendis vel ex et minus nesciunt voluptate.	4	7	molestiae amet ullam	2012-06-18T15:41:02.120Z
217	2	Carter_Goyette1	1	Sed consectetur quo inventore. Iure vel itaque quisquam velit.	3	25	vitae vitae reprehenderit	2010-02-23T12:28:54.180Z
218	3	Madalyn.Satterfield32	1	Recusandae ut quia nihil maxime sapiente in maiores.	5	1	aut eaque fuga	2018-04-22T20:26:36.389Z
219	4	Hilda.Waters89	1	Nesciunt culpa et possimus tempore fugit consectetur labore recusandae.	3	22	enim reiciendis aperiam	2011-07-14T20:27:29.078Z
220	0	Kiley.Ziemann56	1	Est totam non maxime rerum.	2	6	neque repellendus ad	2017-07-30T20:42:19.239Z
221	1	Arno23	1	Veritatis veniam omnis.	3	15	veniam ex aut	2014-06-21T18:10:54.360Z
222	2	Laurence.Bashirian	1	Minus eum laudantium. Aut excepturi quia qui vel sunt dolorem inventore sed.	3	9	dolore assumenda est	2011-12-05T09:15:12.263Z
223	3	Dedrick_Homenick	1	Cupiditate soluta et placeat consectetur. Reprehenderit placeat molestiae eligendi et.	1	16	sed fugiat facere	2017-02-10T04:02:03.962Z
224	4	Lydia.Robel	1	Delectus impedit placeat reprehenderit qui architecto numquam.	2	23	quibusdam doloremque placeat	2017-10-28T14:19:47.754Z
225	0	Queenie59	1	Quibusdam hic placeat. Nihil dicta sed saepe nostrum qui.	5	19	ipsum voluptates non	2013-06-09T10:53:12.693Z
226	1	Mara_Jaskolski97	1	Nobis ad nihil dolorum assumenda voluptatibus ut eos.	5	6	facere porro velit	2018-08-23T03:30:01.755Z
227	2	Jessika_Schamberger	1	Tenetur praesentium libero eaque et vel delectus. Rem omnis dolores commodi delectus reiciendis.	4	25	mollitia sint illo	2018-04-21T15:51:42.643Z
228	3	Beulah_Wilkinson32	1	Iste a sint aliquam aliquid eius quo. Molestiae minus consequuntur tempore aut sint. Qui perspiciatis quia ea sunt assumenda.	1	11	quos quis qui	2012-08-19T23:17:46.887Z
229	4	Renee.Marks69	1	Omnis ea culpa minima totam assumenda.	5	17	sapiente odio quam	2014-11-23T01:43:11.785Z
230	0	Ernesto.Lemke20	1	Totam tempora similique veniam et. Fuga nulla quam ipsam perspiciatis id sequi ea. Minima quas eos enim ipsa voluptatibus harum. Animi quidem nisi quibusdam nemo quasi dolores.	3	17	reiciendis aut qui	2010-06-11T03:22:04.450Z
231	1	Ima_Pfannerstill	1	Aut qui accusantium ab dolor ut ipsum. Expedita et officiis at non consequatur. Qui qui laudantium.	2	12	beatae ut magni	2011-03-24T03:20:53.722Z
232	2	Dakota29	1	Dicta et distinctio magni similique. Accusantium quibusdam accusantium est consectetur. Vero et maxime nobis voluptate harum quia facere.	0	23	assumenda quibusdam sint	2017-10-01T22:23:06.603Z
233	3	Gage.Donnelly	1	Quam ex minus odit. Deleniti quaerat atque incidunt praesentium amet quisquam qui reprehenderit laudantium. Enim voluptatem iure enim et minus laudantium. Incidunt vel quidem voluptatem atque autem.	2	23	ullam error non	2015-01-12T17:10:38.619Z
234	4	Carroll.Bayer12	1	Explicabo ut qui voluptas qui minima est sint. Aperiam et quaerat neque voluptatem praesentium. Impedit et eum culpa dolores deleniti commodi consequatur eveniet et.	0	20	et blanditiis accusantium	2015-03-17T08:14:47.184Z
235	0	Xavier10	1	Non aut sed ex aut quia qui dolores odio. Occaecati quidem dolores. Nihil placeat rem et voluptates.	4	2	quas aliquid ut	2014-09-27T01:28:26.659Z
236	1	Francesco_Parisian	1	Suscipit itaque saepe ab ullam ducimus similique sed minus mollitia. Odit aut et.	1	9	quidem doloribus voluptas	2013-12-05T18:11:37.269Z
237	2	Sally39	1	Et voluptate sint occaecati quibusdam. Doloribus iste qui veritatis minima.	4	9	voluptas a beatae	2014-10-25T17:08:41.336Z
238	3	Casimir.Padberg5	1	Et sunt est dolores omnis consequatur quaerat magni laudantium at. Saepe consequuntur eaque laboriosam non reiciendis. Eos eum quia.	2	2	quidem temporibus aut	2013-10-10T01:07:46.805Z
239	4	Gilberto97	1	Blanditiis ducimus qui.	2	2	maiores facilis fuga	2017-09-30T10:05:12.836Z
240	0	Cheyenne.Littel	1	Beatae magni soluta vero dolores vero facere quis corrupti corporis. Molestias accusamus laudantium vero nisi culpa eius aut amet. Quis officia nostrum ut eaque fugiat voluptas eligendi. Dolores sed ut architecto.	1	5	sequi reprehenderit earum	2016-12-03T07:01:50.049Z
241	1	Crystel_Okuneva	1	Dolorum porro officia nesciunt iste. Aut pariatur aut non voluptates. Iste ut explicabo omnis animi consequuntur et minus dolorem nihil.	4	9	commodi neque accusantium	2011-05-26T03:33:47.373Z
242	2	Treva_Cruickshank	1	Sequi doloribus rerum. Voluptatum dolorem accusamus tenetur fuga. Optio et dicta eaque cupiditate blanditiis suscipit. Consequatur officiis maiores minima cupiditate voluptatem dignissimos.	5	7	soluta dicta laudantium	2010-05-27T00:27:30.513Z
243	3	Fae.Walker61	1	Eum omnis enim consequatur eum voluptatem. Eum voluptas praesentium. Eos et cum. Facere occaecati et.	3	21	ex tempora in	2015-09-06T13:52:50.867Z
244	4	Piper_Pagac	1	Animi maiores reprehenderit asperiores eveniet consequatur. Maiores doloribus itaque. Perferendis tenetur magnam ad ut magnam beatae. Velit est in rerum.	2	4	maxime eos et	2015-02-20T21:53:44.407Z
245	0	Abdul.Stroman	1	Amet et sunt eum voluptate veniam dolores.	3	9	quo veniam sunt	2017-07-20T09:44:45.691Z
246	1	Audreanne_Cassin	1	Quia molestias dolore quia voluptatem tenetur odio. Dolorem excepturi laudantium rerum veritatis fugit aliquid expedita. Voluptas sequi occaecati quia vel. Unde in omnis voluptatibus.	5	10	cupiditate dolorem iusto	2015-04-08T02:54:55.643Z
247	2	Murl83	1	Modi inventore perspiciatis adipisci.	1	10	quis qui ullam	2015-11-16T22:44:41.082Z
248	3	Maybelle.Haag6	1	Officia natus ea consectetur dolor illo natus.	2	22	qui repellendus error	2012-12-19T22:51:34.684Z
249	4	Erica89	1	A ea quia sit qui quam voluptatem qui quam. Quisquam accusantium occaecati necessitatibus. Earum distinctio distinctio est et asperiores recusandae est. Rem inventore quisquam.	1	8	quam a modi	2011-03-30T18:08:37.199Z
250	0	Marshall_Abernathy	1	Earum vitae ea sed recusandae nobis earum ut.	1	24	et sunt accusamus	2018-10-27T09:57:06.545Z
251	1	Garth.Nitzsche7	1	Itaque sint culpa sint et delectus. Sint quis eos consequatur et velit minus rerum.	2	3	consequatur aut quisquam	2012-11-29T17:56:41.932Z
252	2	Karlee32	1	Iusto incidunt et adipisci. Illum natus corporis rerum vitae dolores sint animi soluta eum. Similique animi quasi quae rem.	1	6	magni ab reiciendis	2013-10-19T21:59:48.056Z
253	3	Michelle_Hickle98	1	Ea aut quia est quia. Ipsa numquam minima illum et aliquid ea. Deleniti omnis qui maiores. Dolorum magnam tempora aliquid aliquid qui iste autem voluptatem aspernatur.	3	15	dolores rerum enim	2011-06-26T03:11:31.782Z
254	4	Olin.Zemlak	1	Excepturi aliquam asperiores nobis mollitia veritatis dicta accusantium. Aut sit et totam voluptatem totam consequuntur ea.	2	23	quo et repudiandae	2011-11-04T18:28:55.576Z
255	0	Loma.Flatley	1	Excepturi ut placeat praesentium dolorem consectetur qui asperiores et. Dolores est voluptates autem inventore dolor quis a.	2	8	voluptatem aut laborum	2010-12-16T10:34:28.736Z
256	1	Fermin_Borer	1	Aperiam quas ut. Molestiae aut explicabo cupiditate recusandae animi ipsa facere quia qui. Fuga ab id.	2	15	magni facilis numquam	2014-07-23T20:41:02.132Z
257	2	Armando.Turner	1	Voluptas reprehenderit dolor molestias corrupti. Impedit corporis numquam aspernatur. Amet repudiandae consectetur in eos non maiores. Cum quaerat nostrum est omnis eos.	2	25	minus laudantium laudantium	2016-06-29T08:15:29.890Z
258	3	Verna.Funk	1	Cumque cumque autem fuga. Cumque harum deserunt. Provident reiciendis similique autem. Molestiae porro odit provident sapiente iure eum enim.	0	13	hic ullam ipsam	2011-09-21T16:02:12.869Z
259	4	Ambrose_Barton4	1	Aliquid rerum rerum a voluptatibus molestias harum cupiditate id atque. Et neque ducimus nihil culpa atque saepe. Est blanditiis excepturi consequatur voluptates ullam qui.	3	1	nihil sit modi	2010-12-01T20:32:51.193Z
260	0	Nathaniel_Muller	1	Delectus repellat eos quisquam eum aliquam quaerat. Nam iste suscipit eum et aliquid aliquid. Quos ad debitis dolor tenetur quo voluptatem neque qui. Porro ratione atque architecto ut.	1	19	saepe quibusdam quas	2017-08-15T18:24:23.707Z
261	1	Andy.Cremin99	1	Eos tempore sed. Vel non veritatis nostrum. Quaerat aut natus.	3	1	consequatur sit ut	2010-05-04T22:03:26.287Z
262	2	Kobe.Mante	1	Facilis quae iste. Totam dolorum quia ea deleniti.	2	19	sunt magni blanditiis	2018-08-03T18:26:35.516Z
263	3	Wendell_Metz	1	Illum quisquam eos sit illum voluptas.	1	9	incidunt laudantium odio	2015-08-02T21:29:15.181Z
264	4	Maurine96	1	Eum ut quod repellendus voluptas in eum quibusdam. Laborum id officia est iure eveniet ad dignissimos sit. Perspiciatis molestiae veritatis iste. Ut temporibus veniam et dolorum sit necessitatibus enim nihil.	3	7	expedita magnam cumque	2014-02-25T18:15:17.046Z
265	0	Emil_Ritchie	1	Molestiae dolorem natus quisquam.	3	3	aliquid rerum excepturi	2015-08-09T07:31:42.006Z
266	1	Monique28	1	Repudiandae est velit ut nostrum pariatur eos debitis. Id eveniet asperiores reprehenderit. Deleniti repudiandae eum et molestiae ut quis. Autem doloremque saepe perspiciatis.	2	12	in enim et	2014-12-17T19:49:30.051Z
267	2	Adriana.Zulauf64	1	Perspiciatis et repellendus tempora consequuntur sit ut quam. Ipsam labore eum accusamus illum dignissimos rem.	2	20	earum quod sint	2015-11-21T17:45:19.294Z
268	3	Alberto_Mertz	1	Quae aut nostrum culpa consequatur ut nihil. Omnis voluptatem facere soluta.	3	22	autem ratione ea	2011-07-12T19:38:32.449Z
269	4	Maryse54	1	Reiciendis quidem facilis dolores ea. Impedit minima provident nam cupiditate soluta dolor aut quo qui. Sit reiciendis ut omnis quasi. Culpa iste consequatur omnis et aut doloribus.	5	7	aut non repellat	2014-03-08T08:36:05.893Z
270	0	Aurore26	1	Ut culpa rerum. Eaque ipsam ut doloremque quia reiciendis eveniet dignissimos corrupti necessitatibus. Placeat et explicabo omnis ratione quisquam hic officiis est quod.	4	24	quia aut quaerat	2017-04-29T01:05:05.826Z
271	1	Antwon_Leffler77	1	Tempora excepturi architecto qui aut. Illum sit consectetur praesentium explicabo qui vitae et. Quibusdam repellat voluptatem porro praesentium ad occaecati.	4	6	dolorum eligendi est	2018-08-14T04:27:48.549Z
272	2	Lina44	1	Dicta quisquam distinctio consectetur velit iusto modi. Exercitationem omnis omnis et officia libero omnis. Est quia alias similique eius.	1	18	labore sed magnam	2016-07-09T04:14:27.669Z
273	3	Weldon_Wintheiser4	1	Animi et sed blanditiis labore sint. Blanditiis voluptas quod consequatur tenetur ipsam.	1	4	soluta qui aut	2014-01-20T19:23:38.351Z
274	4	Sidney13	1	Et voluptatem et consequuntur repellat possimus voluptas. Repellendus voluptas perspiciatis culpa nesciunt atque. Debitis voluptatibus qui exercitationem rerum sit est.	5	1	libero odit id	2010-04-15T13:09:48.293Z
275	0	Destin.Satterfield	1	Et alias distinctio illum non est pariatur ut est. Quaerat porro ut et consequatur reprehenderit fuga.	1	4	laboriosam quis cupiditate	2010-11-30T16:10:25.005Z
276	1	Ora_Veum	1	Aperiam accusamus enim ratione voluptatum iusto ut delectus error. Quas autem eum iusto. Rerum quo tenetur laboriosam soluta omnis maiores iure. Nihil maiores eos dolor atque maxime facilis eos officia.	4	13	qui ut distinctio	2012-11-02T03:06:36.605Z
277	2	Amira_Huel87	1	Corrupti quos qui assumenda est omnis voluptate architecto molestias. Hic veritatis officiis aut earum nostrum.	4	9	voluptatem reiciendis ex	2012-03-30T02:34:15.350Z
278	3	Hosea94	1	Numquam est sit et omnis.	4	20	voluptatem voluptas et	2016-12-13T22:11:17.003Z
279	4	Crystal.Stehr84	1	Ullam maxime molestiae nulla tenetur voluptas natus reprehenderit. Expedita quod optio modi sunt modi magni sit nisi. Cumque possimus occaecati ut nulla debitis temporibus enim.	3	18	et qui sunt	2015-02-23T19:32:49.557Z
280	0	Carlo.Connelly72	1	Officiis quis quia et mollitia ut voluptas atque. Autem laborum autem dicta.	4	10	et officia aut	2017-07-15T05:52:38.185Z
281	1	Mertie.Miller	1	Consectetur quasi excepturi excepturi dolorum commodi hic. Et eum ratione. Aspernatur autem voluptas velit nisi deserunt. Quidem illum modi magnam pariatur reprehenderit est quidem.	3	23	nisi rerum eos	2018-08-04T15:22:32.136Z
282	2	Howell77	1	Libero voluptatibus cupiditate fugit enim qui ducimus magnam assumenda. Soluta vero inventore. Non rem qui id iusto eligendi culpa excepturi. Sunt voluptas maxime ex eos ut deleniti.	4	22	qui nam quasi	2013-08-25T07:12:12.109Z
283	3	Aurore_Lindgren82	1	Totam reiciendis repellat ab autem voluptatem exercitationem.	2	3	repellat et fugit	2011-10-13T22:51:16.969Z
284	4	Ford27	1	Iusto sit minus sint voluptatem. Fugiat voluptas laborum debitis ea.	4	21	odit consequatur placeat	2012-04-13T10:12:12.490Z
285	0	Ford_Deckow76	1	Aut est mollitia eveniet cum est. Ex consectetur repudiandae assumenda quis ea consequatur dolorum temporibus. Officiis voluptate aut ut voluptas quo assumenda esse debitis. Pariatur mollitia sit impedit et nemo laboriosam molestiae tenetur et.	3	3	in reiciendis ea	2014-09-28T06:38:14.377Z
286	1	Joseph_Osinski36	1	Harum ex corporis earum. Et expedita laboriosam omnis consequatur similique non dolore eos. Eius rerum aut repudiandae esse molestias.	4	22	est dolores reiciendis	2013-01-09T05:53:12.907Z
287	2	Name.Langworth76	1	Id voluptatem quam et sed. Odit nihil aliquid pariatur ipsum eligendi odio ullam culpa aut.	5	4	vel et beatae	2015-04-25T23:35:43.950Z
288	3	Reymundo53	1	Qui eius in.	5	10	nostrum voluptatem veritatis	2018-08-14T23:33:27.859Z
289	4	Emmitt18	1	Et nam qui ipsam ut exercitationem dolor fuga ut. Facilis praesentium illo a eaque tempora veniam et.	5	1	nihil amet iusto	2017-10-27T17:01:04.672Z
290	0	Marilyne.Stokes	1	Natus placeat ducimus alias aut nemo dolores. Totam quos qui et illum. Voluptatibus aperiam voluptates dolor perspiciatis.	3	21	velit magni nostrum	2014-03-23T10:46:45.823Z
291	1	Hellen_Herman39	1	Reprehenderit porro nesciunt labore ea omnis molestias.	0	22	praesentium doloremque ex	2012-04-18T14:26:14.510Z
292	2	Henri_Rau	1	Expedita praesentium delectus. Dolorem deleniti velit repudiandae magnam amet maxime eveniet impedit assumenda. Dignissimos qui et commodi doloribus accusamus itaque. Odit id et veritatis quasi voluptate repellendus molestias ducimus.	1	16	blanditiis unde recusandae	2012-05-20T21:35:28.692Z
293	3	Derick.Green15	1	Quae provident sit et laborum libero. Nisi accusamus voluptatem explicabo sit. Officia accusantium tempora.	0	2	non enim deserunt	2015-12-07T22:31:36.216Z
294	4	Parker_Dare	1	Quia neque est.	0	11	accusamus impedit quo	2013-03-20T23:22:50.452Z
295	0	Jany_Koelpin59	1	Eaque quibusdam quidem excepturi aliquam. Illo sit alias repellendus earum a laudantium. Saepe possimus nihil ipsa minima recusandae quis rerum in. Distinctio aut voluptate dolorem tempore.	1	24	rerum dicta et	2015-08-03T10:22:55.137Z
296	1	Andreanne.Fahey1	1	Impedit dignissimos repellendus ut aut dolor aut aut dolores. Perspiciatis et id et omnis atque. Quia corporis ut voluptatem et mollitia. Quo corrupti cum minus dolorum hic sunt dicta.	2	19	consequatur aliquam dolor	2015-01-27T07:09:33.444Z
297	2	Alison_Hackett48	1	Iusto ut fugit qui cumque quam ut corporis aperiam.	3	4	quisquam tempore sit	2018-09-27T18:56:41.151Z
298	3	Krista55	1	Corrupti earum dignissimos asperiores impedit.	3	14	et quis voluptatum	2010-01-16T07:00:32.364Z
299	4	Elian71	1	Ipsum eveniet id harum explicabo. Id alias sed inventore perspiciatis recusandae ad et maiores.	0	18	omnis quia quo	2010-02-23T20:33:33.386Z
300	0	Dereck_Streich50	1	Qui non sint ducimus.	0	19	dolorem quam tempora	2012-04-24T19:31:30.861Z
301	1	Vincenzo73	1	Omnis porro voluptas sit perspiciatis numquam. Id id et magnam error sint quo et et. Ex quis doloribus error nobis placeat dicta non.	4	23	et et laborum	2013-12-05T20:27:45.964Z
302	2	Casper_Hauck89	1	Sint explicabo illum distinctio qui. Quo labore est. Excepturi totam ab nulla enim quae.	1	14	nesciunt placeat perferendis	2016-03-28T01:17:14.858Z
303	3	Eileen.Windler	1	Odit magni est autem. Quasi quod aut blanditiis omnis quia aut perspiciatis ea aliquam. Atque aut natus.	1	17	sed voluptate possimus	2011-03-10T19:44:28.413Z
304	4	Juliet.Keebler75	1	Dolores at autem qui amet amet asperiores. Unde expedita libero qui nobis.	5	17	dignissimos rerum ipsa	2010-09-23T05:59:57.530Z
305	0	Harmon.Stoltenberg87	1	Aut aliquid qui dolorem odio enim. Recusandae minima iure soluta dignissimos. Libero quia quos et. Rerum et voluptatem.	1	3	magni amet fugit	2017-06-25T15:25:09.100Z
306	1	Nona0	1	Ad repellendus saepe fuga. Fugiat molestias placeat accusamus.	0	1	animi voluptas et	2012-01-10T20:10:27.583Z
307	2	Jamil_Jaskolski4	1	Ullam sequi sint aliquam odio animi temporibus dolorem ullam quod. Eaque in nulla corrupti quae quia et doloribus quisquam qui.	1	8	cupiditate magnam earum	2015-05-21T16:59:51.112Z
308	3	Aurelio_Reichert	1	Iusto quaerat ipsum aut et reiciendis dolor. Dolorem nam deserunt possimus. Aliquam autem qui. Quae beatae cum aut asperiores ad.	5	1	est perspiciatis suscipit	2011-03-01T03:10:19.345Z
309	4	Modesto36	1	Et dolorem rerum natus iure. Repudiandae quod eligendi in ad amet aliquam qui sed.	3	5	tempore blanditiis harum	2014-06-08T13:51:51.796Z
310	0	Alexandre.Morar95	1	Ut nemo cum recusandae eaque dolorem. Ad magni maiores voluptatum. Et modi itaque temporibus nemo eveniet. Dolore asperiores aut qui a.	4	19	omnis molestiae ut	2018-07-09T23:21:26.201Z
311	1	Blair_Windler	1	Eum debitis ut nihil vero impedit. Ipsum id quod. Ea aut sed et sit eos nam quos repudiandae libero.	2	20	deserunt consectetur est	2018-11-11T07:26:30.428Z
312	2	Manley31	1	Illo iste ratione. Doloribus commodi sunt omnis.	4	23	facilis voluptas tenetur	2014-02-05T04:14:24.946Z
313	3	Doug.Dickinson50	1	Assumenda voluptas excepturi velit harum eveniet et facere. Quas rem perspiciatis. Quo quia aut in velit pariatur. Autem rem deserunt.	1	8	et aut rem	2014-07-03T23:26:46.860Z
314	4	Orrin93	1	Consectetur expedita ipsa aut molestiae cum. Rerum aut ipsam necessitatibus eum corporis. Aut omnis accusantium. Ad voluptatem nemo vitae deserunt neque.	1	20	pariatur facilis voluptas	2012-03-18T07:27:34.944Z
315	0	Cleo33	1	Et velit id reiciendis. Eum nisi qui est sint architecto rerum ut.	2	3	repellendus sit ut	2011-04-25T03:47:29.723Z
316	1	Orie.Dietrich39	1	Quidem aut inventore. Est dolorem ullam inventore sint. Voluptatum aliquid officiis qui. Ea quia consectetur dolorem in eos qui.	2	13	omnis sequi necessitatibus	2011-10-28T13:17:55.194Z
317	2	Helen_Mills91	1	Non officiis eius. Eveniet dolores et harum et. Debitis accusamus quam id corrupti itaque ducimus.	2	5	et ab aliquid	2013-03-02T19:22:56.055Z
318	3	Elwyn92	1	Delectus accusamus dolorem quas ipsa quas id eum. Vel facere et vitae.	2	11	unde accusamus est	2015-04-22T02:55:38.373Z
319	4	Oran.Mills	1	Odit dolores magnam ipsum deleniti quia. Autem fuga illo fugiat reiciendis sed. Maxime nemo doloribus rerum tempora dicta.	2	6	sit maiores laudantium	2010-01-03T15:38:09.962Z
320	0	Braulio_Carroll73	1	Suscipit qui quaerat omnis occaecati.	3	14	distinctio delectus sed	2015-03-22T03:32:55.003Z
321	1	Lilla.Hilll	1	Corporis beatae ut dolorem magni sit ut. Non autem incidunt dolorum tempora. Et incidunt pariatur aut dolor hic similique repellat quo est.	5	21	dignissimos totam fugit	2010-12-01T00:35:13.261Z
322	2	Maia.Hills	1	Ipsum eius est distinctio officia.	2	24	nobis soluta ut	2017-06-13T03:44:05.144Z
323	3	Frank.Rau	1	Quis a totam quo vel vel. Aut modi temporibus ut perspiciatis et inventore. Nam quia et officiis qui maxime velit. Adipisci quas est dolores quos.	0	22	dignissimos enim quia	2011-05-30T17:17:34.820Z
324	4	Judson.Heidenreich	1	Est exercitationem quod qui est incidunt a. Quae esse ut voluptatum debitis. Earum non adipisci repudiandae.	5	18	aliquam quas numquam	2015-10-08T03:58:46.107Z
325	0	Rylan25	1	Esse possimus tempore. Magnam repellat tenetur et. Est id ea quas sint id. Dolorem et dolorum ut quis ullam ullam eos rerum.	0	24	sunt alias provident	2010-10-27T22:04:04.780Z
326	1	Desmond_VonRueden80	1	Temporibus iste iusto pariatur et qui ipsam est. Excepturi voluptatibus sapiente omnis quidem eum voluptates eum aliquid.	1	2	ut omnis consequatur	2015-11-13T22:20:26.474Z
327	2	Jazmin21	1	Alias in quidem. Aperiam est dicta quis. Perferendis sit molestiae animi non consequatur numquam ipsa consequatur. Quis necessitatibus incidunt optio eveniet voluptatem labore minus incidunt consequatur.	0	11	rem ipsam repudiandae	2010-10-08T06:52:51.450Z
328	3	Emmy96	1	Nemo dolorem eum. Possimus rerum nobis. Ipsam nostrum molestias eum corporis in.	4	0	nesciunt soluta eveniet	2013-04-20T00:54:48.460Z
329	4	Ada_Weissnat	1	Aperiam fuga quod officia impedit nihil. Ut dignissimos tenetur recusandae corporis est distinctio nulla beatae veritatis. Voluptas et ipsam tenetur culpa voluptatem aperiam placeat. Aspernatur officiis et sapiente et omnis sed.	1	3	temporibus eaque qui	2010-05-20T23:03:21.601Z
330	0	Alaina.Ankunding75	1	Recusandae corrupti natus.	4	2	dicta enim delectus	2013-07-22T10:35:55.649Z
331	1	Carleton.Greenholt	1	Occaecati nam sapiente.	4	8	doloribus dignissimos quis	2011-10-06T18:30:20.048Z
332	2	Jorge.Armstrong	1	Officiis numquam ut eum eaque quis voluptates. Id voluptas omnis cupiditate natus illum deleniti quos.	1	1	quam nihil adipisci	2010-09-28T06:50:00.952Z
333	3	Ila_Hettinger	1	Dolor cupiditate ut molestiae fugiat. Quo praesentium sit nam distinctio sequi. Quod voluptatem laborum natus optio perferendis omnis mollitia in. Excepturi et praesentium nesciunt vero eaque veritatis in dolorem.	3	22	veniam aut natus	2013-10-01T17:38:38.056Z
334	4	Khalid.Jerde	1	Cum quis ut nihil esse ipsam aperiam voluptatem quod voluptatem. Soluta corporis vitae sed rem facilis aliquam optio illum recusandae.	1	1	quia veniam est	2011-12-23T14:16:40.950Z
335	0	Pearlie_Hoppe	1	Dolor ut magni reprehenderit aliquam harum dolores dolor recusandae. Possimus dolore ut eum et.	3	6	quo dicta dolorem	2014-02-26T07:04:01.765Z
336	1	Moriah71	1	Qui sapiente amet et commodi commodi tempore ut hic quis. Exercitationem voluptas assumenda perspiciatis dolores.	2	18	adipisci voluptas sed	2015-01-12T13:07:29.264Z
337	2	Rusty_Marquardt	1	Nisi ut enim non aspernatur enim molestiae quia eum.	3	13	et tempora voluptatem	2017-03-04T07:54:48.671Z
338	3	Kacey.Schimmel4	1	Inventore et aut et cumque voluptas similique nulla. Repudiandae dolorum ut adipisci dolorem blanditiis est id voluptatem iusto. Pariatur omnis sit soluta et repudiandae sunt beatae blanditiis sit.	3	19	eum quo repudiandae	2018-05-27T10:20:30.447Z
339	4	Myra.Osinski71	1	Velit omnis ea. Et aut nemo architecto omnis. Ex totam architecto aut adipisci.	3	21	rerum quasi impedit	2014-04-27T12:55:55.262Z
340	0	Jillian.Mayer	1	Suscipit perspiciatis architecto vel.	4	3	at soluta recusandae	2014-02-15T01:38:57.628Z
341	1	Rose_Grady32	1	Dignissimos veritatis recusandae. Laborum ut earum aspernatur. Nisi repudiandae deserunt placeat et quas. Voluptatem ut natus.	4	5	modi sunt incidunt	2018-07-11T10:38:19.675Z
342	2	Kraig_Hartmann75	1	Numquam consequuntur veritatis qui sint consequuntur possimus.	4	10	delectus quis qui	2017-08-23T18:14:20.200Z
343	3	Chauncey.Muller	1	Aspernatur quos voluptatem ipsam et et.	3	25	doloremque consequuntur vitae	2011-02-14T13:25:52.412Z
344	4	Tressa8	1	Cupiditate dolor exercitationem enim cumque ut.	3	17	omnis dolores facilis	2017-03-21T07:34:05.751Z
345	0	Hortense_Mraz85	1	Nulla nobis sed sunt autem a recusandae ex cupiditate. Voluptatibus odit sunt dolor doloremque tempore aut modi.	1	0	quod doloribus debitis	2015-12-07T20:46:42.572Z
346	1	Sid91	1	Magni facilis aut quos ipsum. Doloribus est et expedita corrupti. Fuga saepe quidem tempore est quas atque. Sed maiores praesentium.	5	12	sit consectetur qui	2016-01-23T10:36:03.766Z
347	2	Aniyah75	1	Aut dolor voluptatem ratione eveniet non rerum. Corrupti nesciunt minus. Eaque nobis sunt.	3	22	doloremque et dolorem	2017-02-26T18:36:44.297Z
348	3	Cordelia_Harber19	1	Dolores dolores asperiores suscipit repellat modi voluptatum voluptatem.	1	22	sunt omnis provident	2015-02-08T10:09:36.443Z
349	4	Cali43	1	Ea sapiente sequi. Id at et natus non illum cupiditate enim id.	5	18	quis iure itaque	2014-05-12T04:15:08.858Z
350	0	Damon_Becker30	1	Harum et rerum exercitationem magnam nisi voluptatem architecto exercitationem nihil. Unde harum enim porro.	3	11	nesciunt eaque itaque	2010-07-09T21:02:50.362Z
351	1	Deangelo_Corkery23	1	Quo doloribus autem. Ea sed animi voluptas cumque. Iusto nam iure consequatur consequatur sequi.	3	14	eaque magnam et	2017-07-25T14:49:10.955Z
352	2	Terry_Mertz	1	Dolore voluptatibus quo officiis soluta nihil qui. Doloribus veniam sint voluptatum architecto tempora. Et inventore veniam.	4	18	et voluptas magni	2017-12-23T03:02:01.487Z
353	3	Hank48	1	Voluptas animi laudantium exercitationem rerum occaecati harum beatae dignissimos molestiae. Dolorem enim enim quia aut quas aspernatur placeat in. Debitis esse dolorem consequatur dolore.	2	23	amet eligendi quia	2013-09-25T00:00:06.650Z
354	4	Josefa_Hoppe3	1	Rerum quasi iusto architecto. Quia pariatur repellat. Architecto modi non accusamus ipsa magnam incidunt rem mollitia error.	0	4	provident in molestiae	2010-12-12T02:56:24.310Z
355	0	Lavon_Dickens	1	Ut est suscipit eveniet tempore aperiam. Tempora unde nobis veritatis consequatur voluptas et nemo omnis. Velit nemo cum aut velit repudiandae unde.	4	8	laborum laudantium ab	2017-03-15T15:57:09.769Z
356	1	Hertha_Bartell	1	Provident laudantium error. Sit ut nemo autem magnam molestias quo voluptatem.	2	9	earum voluptatem explicabo	2014-08-11T06:37:38.076Z
357	2	Henderson72	1	Reprehenderit quas ab quas quia iste molestiae. Animi iste et id vel nostrum praesentium voluptas.	2	6	qui est ad	2015-06-28T05:42:40.362Z
358	3	Kelsie_Rosenbaum8	1	Sed cum quidem tempore est. Nobis voluptas pariatur sint quia voluptates omnis omnis aut sit.	5	13	ut veniam dolor	2015-03-17T08:03:55.397Z
359	4	Tanner_Jerde22	1	Minus provident maiores ipsa molestias quibusdam blanditiis harum accusantium et. Nihil omnis sed sint in vitae. Sapiente iure quod quia aliquam pariatur. Doloremque qui omnis molestiae id deserunt incidunt commodi voluptatem.	4	1	maiores est impedit	2010-12-10T14:17:30.990Z
360	0	Muhammad4	1	Totam eos sed laudantium. A assumenda velit ipsam est.	2	3	explicabo molestiae aspernatur	2010-04-11T05:42:21.768Z
361	1	Kianna.Jacobs10	1	Doloribus vel illo voluptatem suscipit sed laboriosam fugit et laborum.	3	17	illum vel natus	2015-02-14T18:36:36.908Z
362	2	Isac74	1	Alias voluptate est sed perferendis nisi aut quod eaque soluta. Qui repudiandae tempora nulla. Id dolor quam. Sed unde quasi voluptatem officiis et.	1	1	culpa magni non	2010-05-26T03:21:11.714Z
363	3	Crystel26	1	Quo nam quam et provident. Mollitia iste soluta quibusdam quas sed doloremque.	2	10	possimus voluptatem magnam	2013-11-07T17:25:18.258Z
364	4	Dell.Pfeffer35	1	Qui dolorem repellendus nulla deserunt fugiat dignissimos.	2	7	sed est placeat	2012-03-25T04:10:34.089Z
365	0	Stewart_Denesik	1	Omnis explicabo aut est dignissimos non. Deserunt dolor non minus officia et maiores repellat. Similique suscipit ex. Ipsum eos perferendis aut deleniti non dolor ut quis sed.	0	10	nostrum repellat ut	2015-09-05T06:17:59.333Z
366	1	Brown.Blick90	1	Facilis velit nisi earum veniam similique reiciendis autem. Neque placeat tenetur tenetur quas et velit. Qui consequatur necessitatibus aperiam rerum optio quia.	2	20	est officia rerum	2014-10-25T07:55:38.228Z
367	2	Eula.Bode54	1	Quis consequatur itaque amet. Qui ut ut sit. Aut eligendi iusto iusto est deleniti quas. Veritatis sed fugiat similique.	4	1	maiores eum illum	2017-08-04T19:07:47.537Z
368	3	Hank_Mann	1	Illum autem quisquam fugiat sit aliquam. Aut iusto hic quaerat assumenda ut et. Nemo et hic quasi placeat.	2	13	non illo eos	2016-02-21T16:37:48.573Z
369	4	Zoie25	1	Dolor nihil commodi eos quia. Veniam aut quibusdam eos quos sit odit expedita nisi cumque.	5	13	natus aut facilis	2011-09-11T13:16:54.254Z
370	0	Penelope.Cruickshank95	1	Qui quasi veritatis. Enim reiciendis voluptas cum ipsum quaerat voluptas veritatis inventore.	2	3	libero non fuga	2016-05-11T05:06:51.848Z
371	1	Kaleb.Rowe	1	Libero quia odio asperiores nesciunt placeat. Possimus vel est rerum aliquam atque est quia mollitia possimus. Quo illo nesciunt deserunt. Illo occaecati eveniet ut sit.	2	23	accusantium quod ipsam	2011-03-29T06:02:55.726Z
372	2	Randal4	1	Sed et voluptatem excepturi minus et aliquam quis consequatur eos. Quia voluptatibus cum suscipit autem sit similique facere consequatur nemo.	1	12	est occaecati et	2016-10-11T18:35:28.425Z
373	3	Clotilde_Boehm	1	Libero ex repudiandae nulla et sapiente. Beatae et est eum sed quos fuga harum.	1	6	rem nihil officia	2014-08-06T11:18:25.602Z
374	4	Santino.Pfannerstill	1	Esse alias reprehenderit ipsa eveniet veritatis eveniet omnis nihil. Error cupiditate totam in voluptatem. Qui sit quidem in ratione sed.	2	4	quis sunt qui	2013-07-23T04:54:52.340Z
375	0	Brendan28	1	Nemo ad veritatis qui cumque ut ut enim sed qui. Sit est placeat quibusdam fugit.	0	17	magni facilis quia	2018-10-10T11:12:08.990Z
376	1	Russ.Champlin	1	Blanditiis quia dicta. Quis perspiciatis cum placeat libero commodi et at tempora. Optio doloribus minus. Rerum et aut optio et vitae autem modi et quo.	2	6	magni iusto at	2017-01-14T05:43:36.585Z
377	2	Bobby_King2	1	Vel ab totam et. Labore et inventore repellendus delectus facilis porro hic vero fugiat. Magni et ipsa qui est illum cumque ex.	4	18	non delectus quasi	2015-07-18T05:35:37.819Z
378	3	Lorenzo.DAmore	1	Eum dolores consequatur quae. Velit voluptatem fugit sint inventore repellat. Quaerat consequatur voluptas veritatis quod sed qui libero. Aperiam ex exercitationem.	4	13	neque rem provident	2018-09-28T12:07:02.936Z
379	4	Norma75	1	Eligendi deleniti atque ea in ea atque et consectetur. Repellat architecto non et sit accusantium ut rem eligendi amet. Harum voluptatem similique et libero laudantium autem qui. Ratione sapiente est.	2	5	accusamus aut ut	2013-03-05T05:19:05.465Z
380	0	Stephan.Nikolaus26	1	Autem perferendis assumenda.	1	15	est recusandae repellat	2011-01-02T03:49:27.158Z
381	1	Tyrel.Bogan	1	Iusto animi ex reprehenderit fugiat id odio perferendis cupiditate. Deleniti nemo non tempora sint. Voluptatem doloribus rem nobis. Doloribus neque nulla quia nisi nobis repellendus et perspiciatis.	3	18	voluptatem animi omnis	2018-07-14T15:59:43.512Z
382	2	Ena.Hammes	1	Tempora dolor facilis enim. Inventore ullam eaque optio placeat vero aliquam dicta. Sequi ad et voluptatibus aut illo.	4	3	eos voluptatem placeat	2011-02-17T16:49:00.612Z
383	3	Celestino.Lehner	1	Rem eveniet non rerum. Voluptates voluptatem aut sint sunt praesentium ex ut.	3	10	voluptatem nulla exercitationem	2012-08-24T08:38:15.209Z
384	4	Coralie.Buckridge72	1	Tenetur sit consequuntur quis et veniam consequatur voluptatem autem. Repellendus vitae non pariatur fugiat. Quaerat aut quis reiciendis ab laudantium pariatur enim et in.	3	13	omnis ducimus quam	2011-10-31T06:36:58.262Z
385	0	Darron40	1	Animi rerum officia incidunt.	0	14	ducimus necessitatibus consequatur	2017-09-15T04:48:00.377Z
386	1	Bobby.Ziemann	1	Quasi sit inventore necessitatibus. Praesentium perferendis ut nostrum consequatur sunt et.	4	9	voluptates consequuntur et	2010-10-12T15:17:36.006Z
387	2	Anne.Lehner17	1	Sed et quia quia ducimus necessitatibus et libero. Nesciunt ut quam expedita. Repellendus rerum est dolorum et eius reiciendis necessitatibus. Dolor sapiente recusandae et commodi eum minima blanditiis iusto.	4	18	dolor aspernatur repellat	2016-02-20T10:43:02.063Z
388	3	Jarod_Hintz82	1	Laboriosam rem reprehenderit nihil nulla quidem.	0	12	totam ea temporibus	2015-04-30T11:25:49.642Z
389	4	Mina_Baumbach	1	Ea assumenda eos ut totam eveniet. Quia qui excepturi.	3	2	deleniti aut accusantium	2016-01-07T12:53:04.928Z
390	0	Nelson.Streich45	1	Nulla impedit maiores.	4	23	inventore assumenda atque	2012-12-09T18:59:21.322Z
391	1	Ima4	1	Quia est dignissimos ea omnis esse blanditiis consequatur. Sapiente dicta earum quod in hic. Eveniet asperiores atque qui repellat repellendus.	1	1	debitis molestiae ea	2016-05-15T20:27:12.275Z
392	2	Haylee3	1	Et numquam accusantium. Quas quia ut id repudiandae sequi occaecati quos. Doloremque molestiae quia aperiam eius rerum sit. Placeat alias possimus tempore laborum sed voluptatem cum.	5	24	enim id id	2017-12-17T14:06:17.109Z
393	3	Daphney_Streich	1	Mollitia suscipit aut.	4	15	laboriosam iure vitae	2013-03-14T10:38:01.210Z
394	4	Clotilde.Wiza26	1	Sequi qui accusantium earum sequi. Consequatur animi ea voluptates inventore et atque est harum voluptas.	1	1	amet id totam	2012-08-06T14:58:23.711Z
395	0	Kasandra_Gutmann94	1	Qui vel deserunt cupiditate voluptatem eligendi et.	4	3	cumque dolorum ex	2017-09-18T00:59:17.973Z
396	1	Rita65	1	Ut quia quisquam iure voluptas aut omnis sed nesciunt. Quia vitae dolorum ad quo facilis sed aut voluptatem fuga. Non perspiciatis voluptatibus vero consequuntur.	4	6	provident aut amet	2014-02-08T05:00:37.081Z
397	2	Arianna.Stoltenberg	1	Recusandae autem nihil.	4	18	error soluta odio	2018-01-29T11:40:02.533Z
398	3	Nona_Orn40	1	Consequatur ad facere in eum ut architecto sed architecto dolores. Ullam impedit laborum vero fugiat.	2	4	qui nisi illum	2012-11-20T20:11:52.857Z
399	4	Susanna_Howe49	1	Labore cupiditate ea voluptatem nulla nemo. Rem incidunt odit suscipit totam repellendus autem quia perspiciatis. Aliquam eum porro fugiat molestiae aut numquam id mollitia recusandae.	3	5	sunt impedit velit	2014-07-15T02:14:34.494Z
400	0	Stephania_Bergnaum14	1	Iste et in provident quo. Officiis fugiat explicabo dicta quo ullam quis excepturi iste. Eius aut quas non et.	3	17	recusandae illo aliquam	2011-01-23T13:35:56.817Z
401	1	Oswald.Walker25	1	Totam maiores porro itaque odit iusto molestiae consequatur ab aut. Aut eaque architecto impedit nulla. Veniam laborum aut sed quia distinctio omnis quo fugiat.	4	17	mollitia eos debitis	2013-02-13T01:55:43.316Z
402	2	Jazlyn_Jones11	1	Molestiae libero sed. Enim eius non magnam et assumenda. Quasi ab illum ut delectus rerum quidem accusantium praesentium.	2	3	quo voluptatem animi	2010-08-13T07:02:47.216Z
403	3	Elliot3	1	Aliquam est magnam repellat aliquid similique sint natus aspernatur. Ipsam mollitia modi dolores aut rem eius illo placeat alias.	2	18	dolor adipisci aspernatur	2011-07-15T17:20:35.907Z
404	4	Brown63	1	Quibusdam quo ipsum.	4	5	ex voluptas fugit	2014-11-23T07:09:27.411Z
405	0	Kamryn.Raynor	1	Exercitationem dignissimos architecto velit non dolor omnis facilis aut. Nobis voluptates ut aut non perspiciatis voluptates et qui molestiae.	3	9	nisi consequatur fuga	2012-02-17T11:48:39.364Z
406	1	Bernice_Renner0	1	Harum et iste. Nihil consequuntur cum quo quos velit.	2	8	vel provident tempora	2014-06-27T17:28:14.132Z
407	2	Raymond_Terry	1	Aut amet officia alias at nihil qui non ad quia. Expedita neque et. Et distinctio quia quis rerum voluptas.	3	6	doloribus aperiam libero	2011-02-18T17:19:25.215Z
408	3	Shaniya12	1	Nisi exercitationem ipsam qui nostrum ipsa sed. Optio fuga ducimus beatae nulla eum asperiores in itaque. Quo totam repellendus delectus. Fugiat voluptatum molestiae maiores ullam dolor ut sunt.	2	8	ea ut quia	2010-09-27T15:30:51.044Z
409	4	Tracy_Lind96	1	Labore corrupti cumque velit veritatis quidem totam et. Dolorum officia iure sit.	5	16	minima deleniti esse	2012-08-07T05:28:53.744Z
410	0	Jaclyn9	1	Deserunt autem voluptas velit maiores tenetur omnis excepturi numquam.	0	24	dolore repudiandae consequuntur	2016-09-20T12:09:08.550Z
411	1	Aurelia33	1	Possimus illum corrupti non. Nemo cumque commodi labore magni molestias ex rerum. Animi asperiores officia itaque qui suscipit minus qui illum voluptas.	2	19	rerum voluptas illo	2014-12-27T18:39:44.318Z
412	2	Beatrice_Glover41	1	Et ipsa reprehenderit dolorem deleniti nulla et ab impedit vero.	3	23	et facilis eligendi	2016-06-24T20:43:57.936Z
413	3	Rashawn.Howe	1	Voluptas debitis dolores ut eligendi atque doloribus fugiat et. Soluta qui quas nihil veniam qui in sunt corrupti.	4	12	reiciendis consequatur animi	2012-06-19T08:38:11.607Z
414	4	Clark36	1	Harum praesentium occaecati. Incidunt placeat vitae excepturi accusamus sint accusantium enim minus mollitia.	2	3	commodi necessitatibus similique	2018-05-06T23:04:05.750Z
415	0	Rosalee_Haley87	1	Eaque dolor occaecati. Fuga esse non omnis deleniti accusamus enim quidem aliquam. At autem laborum. Architecto natus ipsa accusantium dolor est quod provident.	4	9	temporibus quas asperiores	2015-08-06T18:42:34.310Z
416	1	Marc.Schmeler	1	Ipsam placeat deleniti asperiores beatae qui nostrum et suscipit pariatur. Et omnis doloremque. Fuga culpa inventore accusantium. Quis non ipsum consequuntur ea iste.	3	18	saepe commodi non	2014-02-23T22:10:04.377Z
417	2	Hipolito.Friesen27	1	Doloribus ut dicta beatae quo. Consectetur asperiores id quidem necessitatibus consequuntur voluptatem quaerat consectetur. Alias nobis neque id illum.	4	9	blanditiis amet sequi	2014-07-27T14:04:54.533Z
418	3	Mathew_Gleichner	1	Occaecati aut eligendi qui doloribus quaerat quia sunt saepe. Dolorum itaque minima dicta nisi consequatur deleniti. Corporis ad est veniam pariatur.	5	15	voluptatibus delectus minima	2014-08-20T08:05:44.882Z
419	4	Jailyn.Schmitt	1	Et a ea dolorum quaerat quos quos dolore ducimus. Sint ut atque voluptas sequi voluptatem laudantium dolorem est. Illum maxime aut totam magnam ex enim voluptates. Itaque provident et.	3	11	veritatis omnis illum	2017-04-18T11:20:18.686Z
420	0	Chelsey31	1	Cumque est aut rem neque corrupti voluptas dolores rerum ad. Sint nostrum corrupti delectus reprehenderit dolore distinctio sit vel. Et quibusdam et earum placeat sed qui est.	1	5	recusandae nobis odio	2014-08-13T05:59:06.017Z
421	1	Fatima.Runte67	1	Omnis repellat enim possimus et est laudantium. Omnis expedita sit blanditiis impedit architecto.	2	19	autem nihil animi	2018-06-04T13:24:24.845Z
422	2	Tressie44	1	Hic fugiat eaque voluptatem inventore suscipit omnis et quaerat doloremque. Ad dignissimos tempore voluptas.	2	20	in id doloremque	2015-08-21T13:23:25.142Z
423	3	Elinore97	1	Modi excepturi a et deleniti veniam possimus quia repellat praesentium. Exercitationem et iure earum reiciendis et voluptatum soluta velit. Cumque in deleniti consequuntur laudantium accusamus veniam laudantium similique. Aliquam aut est.	1	11	aut perferendis voluptatum	2014-11-30T06:04:28.096Z
424	4	Dan_Nolan	1	Ducimus nesciunt enim.	2	15	accusamus dicta consequatur	2011-10-04T13:42:54.496Z
425	0	Ibrahim_Keeling13	1	Et et esse enim dolores qui qui iste omnis quos. Ut assumenda voluptas quasi dolor dolor fugit ut rerum a. Eos voluptates maxime. Doloremque sapiente voluptatem dolor.	0	3	deleniti fuga hic	2013-08-15T23:17:46.243Z
426	1	Jovanny.Rosenbaum0	1	Qui quos nemo quo dolorum sed. Fugiat qui vel et reiciendis qui repellendus. Voluptas in accusamus voluptate consequatur ullam. Aut sunt ipsam consequatur ut eligendi.	5	18	nihil rerum fugit	2014-06-03T12:43:45.687Z
427	2	Twila4	1	Et totam sint voluptatibus tenetur sint. Voluptas quos aliquid. Odit aperiam fuga fuga magni.	3	12	sit ad eaque	2014-04-21T18:16:24.080Z
428	3	Lavina19	1	Molestias quia necessitatibus. Corrupti in delectus quia enim adipisci soluta. Eveniet incidunt magni.	3	9	labore distinctio atque	2013-02-22T07:59:13.420Z
429	4	Grayson.Gorczany86	1	Voluptatibus doloremque dolorum ipsam et.	4	9	vero rerum laborum	2017-04-12T06:02:55.804Z
430	0	Dashawn0	1	Nisi et est est fugit voluptatem quia id tenetur. Molestias est ipsam. Modi quasi voluptatum occaecati quia atque et accusamus ex.	4	2	odit eaque dolores	2011-12-11T23:27:51.352Z
431	1	Sebastian.Ebert56	1	Asperiores dignissimos sit quo incidunt esse sit dolores. Sed odio sed rerum non est deleniti iste. Quasi est laborum et inventore vel. Eveniet sit corporis praesentium soluta voluptatum fugit aperiam ipsam.	3	14	tempora qui consectetur	2010-09-12T09:50:55.530Z
432	2	Colt_Schultz40	1	Facere vel modi eius nam.	2	22	quaerat quo cumque	2012-06-01T00:13:02.139Z
433	3	Leonardo14	1	Occaecati hic esse enim aut sequi iusto. Ipsam recusandae totam doloremque et quo.	4	17	expedita expedita cum	2017-07-14T21:16:14.580Z
434	4	Emery_OHara14	1	Reprehenderit at est velit praesentium. Molestiae maxime qui labore beatae dolore repellat non. Eos nostrum et amet recusandae quas. Dolores et laudantium sequi sunt ducimus.	2	2	est autem eveniet	2015-10-30T09:29:07.599Z
435	0	Jude76	1	Rerum adipisci ullam repudiandae voluptas necessitatibus voluptates dolores nemo.	5	5	dolorem accusamus sed	2015-01-03T00:19:12.653Z
436	1	Helga_Stanton11	1	Eos in magnam sint aliquid dolor. Ipsa dolorem perspiciatis facilis consequatur qui. Aut aut qui accusamus ipsum aut sed. Exercitationem non doloribus necessitatibus voluptate eum est sit eius ratione.	1	15	animi voluptas molestias	2015-08-23T00:01:49.324Z
437	2	Gillian49	1	Mollitia veniam voluptas sed aut. Facere ea et porro et. Ducimus voluptatem explicabo quasi pariatur beatae quis. Voluptatem qui corporis aut laboriosam.	5	5	iusto quod tempore	2017-01-16T10:41:54.973Z
438	3	Lesly28	1	Dolorum consequuntur atque ipsa dicta quae blanditiis commodi consectetur.	2	14	blanditiis molestiae sint	2011-11-02T21:46:16.895Z
439	4	Casper56	1	Maiores recusandae qui. Id laudantium alias dicta possimus.	2	25	qui ex quibusdam	2013-12-31T13:08:27.090Z
440	0	Hellen.Bednar	1	Ipsum quibusdam ut eos quia aut. Provident autem suscipit molestiae maxime sed officia qui dicta. Fuga ducimus et voluptatem nemo. Facilis ipsam aliquam.	1	7	enim rem magni	2017-10-15T01:06:27.348Z
441	1	Kenny.Ratke97	1	Qui nulla sint. Cumque in id. Maiores voluptatem inventore.	1	12	enim consequatur iusto	2016-05-05T00:23:58.768Z
442	2	Abe2	1	Impedit quaerat vel dolorem ut cum quidem quia est vitae. Quis voluptates aut quis quod dolorum doloremque.	2	3	beatae eos est	2018-03-05T12:46:23.855Z
443	3	Adolf40	1	Esse iste ad itaque maxime vel fuga fugit reiciendis.	4	17	quam perspiciatis ullam	2018-06-15T07:48:11.846Z
444	4	Drake_Zulauf	1	Beatae sed saepe voluptatibus. Nisi quia autem non a sit placeat. Corporis velit nulla. Officiis qui velit quos facere inventore totam enim voluptas atque.	3	11	optio explicabo asperiores	2018-09-26T12:23:00.129Z
445	0	Herta_Keebler	1	Aut nemo enim sint consequatur et quia dignissimos rerum.	4	2	sed iusto mollitia	2016-11-04T17:46:54.975Z
446	1	Meta_Schmitt25	1	Et possimus vel repudiandae sint exercitationem quia. Dolores et qui ut voluptatem quibusdam soluta. Similique ratione maiores corporis vel sit quo quod molestias. Earum quia architecto nesciunt.	1	14	assumenda voluptas ut	2010-03-03T06:46:23.233Z
447	2	Kelli_Torp	1	Voluptas minus numquam amet repellat eveniet vitae. Officiis aut accusamus quam quidem delectus. Perferendis consequatur corporis incidunt.	3	14	consequatur cumque ullam	2015-07-16T20:04:43.626Z
448	3	Otho41	1	Commodi ab dolores debitis vel ea facilis labore nihil. Corrupti eius quis excepturi et ex sunt. Accusamus ullam et eum placeat magni deserunt minima.	4	20	nulla accusantium ut	2011-12-27T01:38:20.081Z
449	4	Lorena.Schroeder19	1	Corporis voluptas culpa nulla. Sed dicta repudiandae tempora tenetur vitae vitae.	1	9	in corporis velit	2011-05-17T19:21:14.424Z
450	0	Oran99	1	Vitae debitis expedita voluptatem porro consequatur aliquid dicta ipsa veritatis.	3	1	amet non enim	2017-11-27T11:56:24.055Z
451	1	Karolann_Beatty	1	Quidem placeat sit voluptatem optio repellendus.	2	15	et eius quos	2016-01-24T10:33:09.905Z
452	2	Tobin.Block63	1	Perferendis et sit maiores. Voluptate aut amet laborum. Quidem at ea dolorem voluptatem itaque voluptatum corporis. Qui culpa sunt et doloremque quisquam autem.	3	25	quisquam quia placeat	2014-01-09T03:19:01.177Z
453	3	Reece.Bahringer	1	Fugit quibusdam consequatur accusantium autem fuga deleniti. Sit voluptatem accusantium magnam quidem. Inventore est est et aut rerum ipsum. Necessitatibus velit cupiditate nihil nulla dolore aut sed.	3	5	saepe repellendus fugit	2014-03-19T13:07:47.756Z
454	4	Foster74	1	Rem rerum inventore labore ab consequatur minima in odio. In est nihil. Eaque voluptatum eos tenetur architecto qui explicabo similique ea. Mollitia hic soluta.	2	18	iusto iure dolores	2013-04-19T08:12:15.971Z
455	0	Virgie_Rohan	1	Sint repellendus autem voluptas sint sed adipisci esse nesciunt et.	4	20	dolores et adipisci	2010-01-21T00:01:34.431Z
456	1	Cristal.Kertzmann97	1	Itaque dolorem ut ut laborum voluptates molestiae consequatur veritatis eligendi. Eum laborum ea vero tenetur quae a quis ea maiores.	3	17	tempore earum ipsum	2014-11-12T18:14:44.255Z
457	2	Caroline_Casper24	1	Animi optio cum.	3	10	in qui dolorum	2014-01-19T18:19:32.225Z
458	3	Dolly25	1	Dolor officiis aliquid autem iste. Suscipit corrupti et molestias hic est et quos nemo numquam. Provident fugiat aut provident. Ut quod omnis.	1	6	nihil tenetur numquam	2014-10-03T06:12:30.093Z
459	4	Kylie30	1	Non vel maiores error provident aspernatur laudantium. Necessitatibus exercitationem et.	2	7	magni dolorem officia	2015-10-07T22:05:40.207Z
460	0	Cary2	1	Eaque consequatur mollitia est.	1	8	placeat et ea	2016-09-02T11:18:30.514Z
461	1	Annalise.Brakus55	1	Eveniet dicta odio animi aliquid quod praesentium.	3	5	voluptatem doloribus sunt	2013-11-06T15:48:54.981Z
462	2	Austen.Crist59	1	Ullam quo deleniti. Non iusto illum. Earum officiis consequatur commodi et.	2	17	distinctio perferendis id	2010-06-21T12:55:37.293Z
463	3	Marilou9	1	Perferendis dolorem ut iste.	4	25	labore cumque occaecati	2015-04-13T12:31:25.196Z
464	4	Nola54	1	Tempore dolores exercitationem.	3	14	autem voluptas ut	2012-04-06T11:23:41.567Z
465	0	Dillan.Hartmann53	1	Et ut qui. Et et commodi eius. Quia et libero.	0	22	quas voluptatum ullam	2011-07-22T19:13:30.638Z
466	1	Randal.Blanda	1	Dolore dolorem quia aut ipsa qui et. Ipsa fugiat expedita odio dolorem occaecati. Commodi nemo in perspiciatis est maxime esse natus laudantium.	4	15	quaerat ut autem	2012-07-07T15:00:31.032Z
467	2	Carlotta_Stoltenberg	1	Sit qui dolores necessitatibus sit. Quasi eveniet veritatis ipsa voluptatibus. Eum est voluptatem voluptatem sed voluptas sit.	1	2	deleniti quidem id	2015-02-25T23:54:40.232Z
468	3	Curtis35	1	Omnis deserunt quasi pariatur sed accusamus dolores corporis. Expedita at qui dolores perferendis omnis eveniet velit sunt officiis.	5	11	temporibus aut minus	2017-10-14T16:05:37.844Z
469	4	Casimir_Fahey99	1	Et facere at qui non laudantium.	4	15	dolorum possimus et	2018-01-11T08:57:44.058Z
470	0	Dillan92	1	Nostrum sequi eaque officia placeat commodi omnis reprehenderit amet aut. Sunt et dolor temporibus sint non. Repellat voluptas incidunt delectus repellendus delectus perferendis doloremque.	2	24	aut molestias dolores	2015-10-10T16:31:12.671Z
471	1	Mckayla_Miller	1	Qui voluptatum illo dolores velit vel quis minima quaerat est. Dignissimos quaerat suscipit ab quidem aut qui fugit. Iusto impedit eveniet veritatis dolor non.	2	21	voluptatem facere officiis	2018-05-30T15:05:06.723Z
472	2	Jerod_Windler	1	Cumque est enim reprehenderit autem labore et totam. Saepe corporis voluptates molestiae cum quasi totam neque possimus quis.	0	5	accusamus quae voluptas	2014-11-28T09:30:44.207Z
473	3	Deontae69	1	Ut aut et suscipit iste.	1	10	praesentium voluptatibus veritatis	2012-10-06T08:14:33.250Z
474	4	Lavada_Vandervort12	1	Et velit qui et sit suscipit et omnis modi.	1	18	qui tempore tempora	2013-07-15T15:40:35.944Z
475	0	Vella.Gislason83	1	Est corporis sapiente est perferendis. Et quia in suscipit.	3	0	non minus qui	2010-09-27T15:53:08.026Z
476	1	Claud.Lesch11	1	Itaque officia et hic omnis sit maxime odio eligendi distinctio. Nihil aut ab omnis omnis aut odit temporibus praesentium. Ab tempora possimus ut amet inventore similique.	3	4	at incidunt sit	2010-01-11T00:29:07.430Z
477	2	Skye_Cormier62	1	Sequi vitae enim.	1	5	ut veritatis occaecati	2017-11-07T13:49:20.246Z
478	3	John_Block21	1	Pariatur iusto et provident amet aperiam omnis. Pariatur sunt non.	4	0	et repellendus at	2011-08-26T15:17:25.551Z
479	4	Donnell91	1	Autem autem repellendus sed ex eum et laudantium consectetur. Consequatur et pariatur reprehenderit fuga quibusdam illum.	2	10	aut veritatis placeat	2017-04-02T19:13:07.735Z
480	0	Ernestine18	1	Nostrum natus est dolores dolorem.	3	6	sequi molestias quos	2014-01-22T06:51:03.370Z
481	1	Doris_Renner	1	Sint recusandae voluptatem et sapiente omnis laudantium dolorem id aperiam. Doloremque ex pariatur ut voluptas inventore et velit. Placeat nemo maiores. Qui rerum iste blanditiis eos ut aut et quisquam.	3	18	ut ut consectetur	2016-04-01T09:02:15.183Z
482	2	Bethel43	1	Expedita cupiditate sit et. Possimus quo eius architecto qui debitis ipsam iste. Rerum consequatur velit odio numquam aliquam iusto architecto corporis. Maxime quo atque.	1	13	minima consequatur facere	2010-11-11T20:41:36.123Z
483	3	Gabriel.Prohaska	1	Consequatur omnis sed. Quisquam animi sed autem doloribus aut repellendus harum. Aut fugit quas. Nostrum sunt nihil sapiente.	5	16	ducimus soluta sit	2017-06-18T23:11:38.535Z
484	4	Sabina.Sporer43	1	Omnis earum at. Facilis eveniet in sequi eos soluta provident voluptatibus dolor fuga. Culpa dolores nam enim qui.	5	24	dolore eaque enim	2015-05-20T03:41:19.456Z
485	0	Reilly80	1	In dolores qui debitis eaque autem non. Nihil recusandae ullam. Quos unde aspernatur velit voluptatem ullam fugiat. Aut repudiandae ut amet.	1	18	ut in consequuntur	2015-06-09T15:13:38.971Z
486	1	Autumn_Rath	1	Laboriosam esse quaerat rerum ut rerum in voluptas quam deserunt. Ut tenetur sit delectus non.	0	4	sunt soluta minima	2017-09-14T15:57:41.656Z
487	2	Wellington54	1	Quae dolorem ut ut.	5	4	ea tempora non	2010-05-08T22:56:31.889Z
488	3	Garland15	1	Necessitatibus doloribus vel labore sed et.	4	21	nulla ad fuga	2014-03-01T06:44:52.696Z
489	4	Austin.Schmitt60	1	Porro voluptatem asperiores quaerat. Voluptatem non et velit neque.	4	23	quos rerum magni	2012-02-06T16:10:06.954Z
490	0	Talon.Mueller14	1	Eum eligendi distinctio id.	2	1	dolores quam nisi	2015-11-13T02:40:33.870Z
491	1	Cordie_Schmeler	1	Quia quidem inventore qui. Vitae accusamus eos et qui eum velit quia dolorum dolorem. Architecto inventore velit magnam nemo provident praesentium.	2	5	repellendus qui quasi	2010-07-09T04:26:32.699Z
492	2	Layla_MacGyver	1	Autem dolores est voluptatem aut veniam ipsa adipisci voluptatibus sunt. Enim est officiis sint. Tenetur aut voluptas voluptatem blanditiis neque sit est enim hic. Eos omnis nisi iure.	4	11	dolorem sed sapiente	2013-08-20T11:09:05.498Z
493	3	Xavier53	1	Eligendi officia repudiandae quis accusamus molestiae ducimus mollitia voluptatem et. Quisquam tempora vero ab beatae consequatur totam sit numquam autem. Voluptatem quisquam velit ea vel. Accusamus ducimus maxime animi doloremque.	4	19	est sed mollitia	2011-01-21T22:22:16.348Z
494	4	Yasmine_Bergstrom32	1	Exercitationem doloremque omnis dolorem doloribus omnis aut. Debitis dolorem quidem nesciunt provident reprehenderit. Sit repudiandae quos saepe ut qui ea eum.	2	14	blanditiis voluptates nostrum	2014-10-01T15:36:51.927Z
495	0	Kacey_Lesch	1	Asperiores qui ipsa aut accusantium quia corrupti. Molestias quae maiores debitis ea est ducimus. Aut in hic.	5	10	illum aut dicta	2014-11-01T19:12:19.536Z
496	1	Destiney61	1	Quas aut sit eos molestias est illo non. Ipsum enim pariatur voluptatum. Rem illo cum natus ipsum quasi sit.	0	8	sed eum enim	2011-03-23T07:30:54.661Z
497	2	Isaiah.Krajcik	1	Quisquam et quisquam temporibus. Laborum mollitia fugit vel. Explicabo perferendis magnam animi excepturi. Voluptatem consequatur est distinctio.	4	18	similique quis fuga	2016-11-17T22:48:49.314Z
498	3	Rachel.Gulgowski41	1	Amet dolor voluptates et magnam. Aliquid molestias eaque ipsum hic quisquam dicta adipisci.	2	14	repellendus qui mollitia	2015-02-09T09:39:46.739Z
499	4	Otis_Bernier	1	Labore vel quia facilis eum iusto voluptatibus eaque in nemo. Dolores harum officiis laboriosam aut magnam quaerat quos voluptatem blanditiis.	3	14	est est deserunt	2013-11-17T16:24:37.276Z
