0,1,Geovany_Gislason14,1,Enim officiis facilis repellendus harum. Rem cupiditate cum incidunt asperiores mollitia cupiditate doloribus perferendis autem. Nisi consequuntur assumenda iure et quisquam consequatur.,0,8,mollitia eaque doloremque,2017-02-22T04:50:29.265Z
1,1,Brown.Reichel76,1,Iste vel voluptatem recusandae officia animi. Perferendis quibusdam eum eius et.,3,14,iste quasi totam,2013-07-15T08:19:42.621Z
2,1,Alanna.Cartwright81,1,Perferendis voluptatem id. Recusandae aut dolores architecto est. Inventore ut et fugiat modi et expedita.,0,6,dicta accusantium molestias,2015-11-11T08:13:37.419Z
3,1,Mason.Hessel,1,Incidunt occaecati fugiat et quis vero a quia accusantium non. Mollitia vel ut officiis perspiciatis minus dignissimos quas excepturi nemo. Aliquid adipisci maiores non molestiae veritatis. Sequi aliquid cumque.,0,22,doloremque voluptatibus aliquid,2013-04-13T22:02:16.948Z
4,1,Golden_Padberg58,1,Et fugiat aut et consectetur id ullam. Voluptatem aut magnam voluptas quo illo. Molestiae vel occaecati quia eum quibusdam veritatis amet repellat blanditiis. Nostrum ut provident aperiam ut quibusdam sed molestiae reiciendis qui.,2,5,sed voluptatem autem,2014-04-25T06:27:33.853Z
5,2,Marcos.Ward60,1,Nesciunt iusto repellendus alias ipsa consectetur architecto occaecati.,4,22,laudantium est sequi,2018-07-26T16:19:13.948Z
6,2,Mariane.Yost21,1,Sunt quis ducimus voluptatibus nesciunt cumque.,2,4,qui molestiae harum,2013-07-29T02:54:09.332Z
7,2,Francesca.Rohan85,1,In accusantium aut.,5,17,dolores temporibus ex,2018-07-14T23:34:41.931Z
8,2,Emerson13,1,Quae quia iusto modi vel quaerat ea. Dolor esse amet voluptatem incidunt impedit maiores. Ut minus aut.,4,17,sapiente aliquid magnam,2018-10-12T00:30:07.565Z
9,2,Christy_Steuber74,1,Recusandae dolorem quam corrupti fugiat doloribus. Qui ut dolorem tempore labore harum. Et quia aut a quas. Qui optio et quia.,3,11,harum velit vitae,2016-03-17T11:33:53.072Z
10,3,Moshe.Orn99,1,Est et accusamus odit eius quo maxime quia odio quibusdam. Perferendis dignissimos laborum voluptatem aut quia minima. Eligendi iusto nobis architecto.,1,12,quidem qui deserunt,2015-02-24T12:47:12.995Z
11,3,Alysson.Skiles,1,Expedita qui ipsa perferendis excepturi necessitatibus rem quis. Eaque expedita sint qui repellendus illum ex labore quas id.,3,21,repellat eaque quos,2011-11-30T12:48:37.203Z
12,3,Jordane.Lehner,1,Qui sint aliquam qui.,0,15,quia officia quasi,2016-05-22T16:16:30.936Z
13,3,Robin_Bode,1,Tempora dignissimos assumenda asperiores. Illum facere nam dolorum deleniti maiores et rem et fuga. Qui recusandae et dolores fugit temporibus. Aperiam expedita repudiandae ea magnam beatae dolorem perspiciatis.,2,22,vel dolore enim,2013-03-08T19:26:28.248Z
14,3,Roselyn.Wilkinson,1,Eveniet similique neque maxime. Velit autem rerum enim voluptatibus omnis praesentium placeat dolorum est. Minus et ipsum.,2,11,enim nulla in,2017-08-01T03:13:06.538Z
15,4,Elenora.Cassin,1,Maxime ad recusandae architecto et adipisci deleniti.,4,8,veritatis aliquam eos,2013-09-17T13:41:32.699Z
16,4,Joesph_Lakin0,1,Deserunt deleniti cum accusantium officiis harum.,1,5,aut facere dolorum,2010-07-13T07:06:14.397Z
17,4,Afton_Batz49,1,At maxime aliquam et assumenda dolor totam voluptatibus. Maiores nulla in corrupti nobis.,5,13,eum impedit ut,2014-03-05T13:11:40.349Z
18,4,Susie.Wintheiser75,1,Saepe autem rerum quod ipsa error et et at. Aut vero at dignissimos ex distinctio.,2,5,et quidem optio,2011-06-20T21:21:18.924Z
19,4,Percival.Weber,1,Nostrum nam totam eos enim maxime ut est. Eveniet et animi.,5,7,autem et et,2017-03-20T18:30:04.207Z
20,5,Madelyn86,1,Quia rerum non vel rerum repudiandae aliquid maiores dolorem. Qui odio delectus iste aperiam corrupti maxime sit eum aliquam. Eveniet enim aut.,2,19,est velit voluptas,2015-03-13T22:02:02.415Z
21,5,Larue.Jast,1,Quaerat consequatur voluptatum. Ad hic distinctio qui voluptas necessitatibus.,1,8,aut et voluptatum,2016-05-24T05:34:31.084Z
22,5,Hugh_Lebsack,1,Iure voluptatem enim dignissimos eligendi non reprehenderit libero voluptate praesentium.,3,15,voluptatem suscipit mollitia,2014-08-13T06:09:08.281Z
23,5,Eloy.Hagenes,1,Veniam optio quo tempora et perferendis aspernatur amet adipisci. Error aliquid nobis qui deserunt omnis quis. Voluptatum doloribus qui esse ut vel sit illo. Qui voluptates laboriosam soluta reprehenderit soluta impedit.,3,12,iure aut culpa,2010-03-02T05:17:13.084Z
24,5,Katelynn53,1,Consequuntur quo distinctio est ab et dolorem. Voluptatem fugiat cumque quidem commodi eum placeat vitae expedita molestiae.,2,3,est occaecati ipsa,2010-03-24T12:19:41.273Z
25,6,Sean13,1,Tempora beatae quis molestiae aperiam id nihil est quasi et.,4,23,et asperiores ratione,2015-11-18T17:16:13.118Z
26,6,Ramon.Greenfelder23,1,Rem illo ut enim dolores sed sit quis tenetur. Ipsam pariatur a ipsam.,2,24,omnis dignissimos et,2012-04-15T03:58:42.131Z
27,6,Abbigail.Williamson,1,Harum quasi similique expedita voluptas.,2,5,labore est accusantium,2015-03-18T10:50:38.128Z
28,6,Dallin90,1,Rerum consequatur voluptas earum.,5,18,dolores molestiae voluptatem,2015-07-20T11:32:35.071Z
29,6,Libby67,1,Assumenda et nam vel enim commodi magni reprehenderit. Vel esse atque reprehenderit nesciunt nihil saepe necessitatibus et. Iure et dolor officiis. Dolores aut illo neque eos delectus fugit aspernatur dolore.,4,4,occaecati accusamus rerum,2015-09-22T14:27:35.541Z
30,7,Marguerite_Moen22,1,Illo rerum sint et quasi nesciunt delectus. Accusantium occaecati quo voluptatibus cupiditate.,4,14,dolores blanditiis numquam,2012-09-20T09:01:37.024Z
31,7,Alberta.Ortiz,1,Sint optio omnis consequatur vero dignissimos. Ipsum quaerat voluptatem dolore labore aliquid. Repellendus voluptatem blanditiis sequi nulla qui fuga molestiae illum in.,5,17,est veritatis eius,2010-05-25T16:50:44.016Z
32,7,Noelia29,1,Facilis possimus odio culpa doloribus sit officia. Rerum aut unde voluptatem nisi soluta ipsum iure. Dolor quas itaque repellat quibusdam cupiditate. Amet odit dicta numquam possimus aut sit.,5,21,incidunt fuga aliquid,2013-05-05T20:06:59.379Z
33,7,Sarai14,1,Ea rerum impedit qui consequatur eos repellat sapiente et.,3,9,minus non voluptas,2011-03-09T00:51:11.558Z
34,7,Prince_Schamberger,1,Sed quisquam veritatis laboriosam est ducimus veritatis dolor. Quia consequatur aut nisi ex adipisci. Fugit exercitationem totam vel aut atque enim distinctio modi. Nostrum ut ipsa veritatis tempore ut.,3,13,voluptatem ut et,2017-02-06T10:31:45.139Z
35,8,Gerard_Brakus42,1,Voluptas quaerat vel fugiat ullam quas in.,5,6,est impedit aut,2011-06-12T00:02:44.553Z
36,8,Frank19,1,Dolor minima molestiae ad sequi. Nemo molestiae voluptas. Delectus ipsum suscipit enim veniam ipsa fuga facilis. Necessitatibus rem accusantium tenetur qui in.,2,20,et autem dolore,2012-04-06T01:00:05.838Z
37,8,Cale94,1,Facere in delectus qui qui est provident consequuntur. Eum ullam dicta ea dignissimos iste alias quas perferendis.,1,18,quo ut corrupti,2018-04-15T21:04:03.833Z
38,8,Alexandrine_Goodwin40,1,Ipsam deleniti laboriosam consequatur laudantium repellat. Expedita voluptatem perspiciatis molestias non laudantium molestiae iste et temporibus.,3,15,doloremque harum voluptatem,2014-09-09T03:27:50.828Z
39,8,Coty83,1,Provident sunt ipsa magni itaque itaque ex voluptatum doloremque aut. Quo commodi officia enim. Ut repudiandae rerum accusantium atque. Velit aut voluptatem voluptate eius sunt adipisci rem a tenetur.,4,20,ea omnis dolores,2013-08-17T07:33:13.561Z
40,9,Armani_Schneider,1,Sit ut sint. Perspiciatis ad exercitationem non esse. Ut sit quas animi qui ipsa quis ut nam aut. Repellat vero mollitia iusto magni beatae.,0,7,consequuntur veritatis qui,2012-06-12T15:40:01.967Z
41,9,Abagail91,1,Non qui saepe in accusamus. Facere itaque suscipit facere voluptate voluptates. Ullam voluptates ut iusto sit nisi dolore nesciunt libero quia.,3,18,harum molestiae eius,2016-11-01T06:50:28.514Z
42,9,Guido_Shanahan43,1,Incidunt corporis sed omnis dolores sit voluptatum molestiae possimus deleniti. Quis ut voluptas. In accusantium non sit eum fuga.,4,7,quam asperiores dolorem,2011-10-16T21:33:09.907Z
43,9,Oceane_Fahey,1,Facilis vel reprehenderit assumenda magnam ut corrupti.,1,22,nemo et ut,2017-04-19T22:42:21.283Z
44,9,Anita89,1,Est voluptas voluptatem rem nihil quia consequatur qui nulla repudiandae.,1,20,minima ad sit,2010-06-03T10:59:41.786Z
45,10,Burdette91,1,Facere qui aliquid deleniti rerum assumenda aut.,5,6,aliquid necessitatibus ex,2012-09-01T00:59:26.209Z
46,10,Gaylord53,1,Sint accusamus vel error et minus aperiam. Id quam voluptates possimus sapiente quas molestiae iusto sequi. Accusamus iure vel dolores iusto quam aut quisquam nemo distinctio. Qui sit non animi ut doloremque distinctio.,4,15,reprehenderit nisi at,2018-08-04T20:19:39.269Z
47,10,Alek_Emmerich,1,Magnam eveniet dolorem. Dicta iure dignissimos cupiditate placeat quia architecto.,2,0,quia consequuntur molestias,2016-07-04T02:26:44.993Z
48,10,Santos27,1,Ut voluptates illo dolores sed itaque blanditiis. Error fugiat ut quas. Dolores fuga quaerat.,1,22,dolorem minima tenetur,2017-08-14T00:01:26.092Z
49,10,Shaylee.Leannon39,1,Recusandae odit quisquam fugit eos eaque sint. Eum rem velit laborum culpa ea voluptatum. Occaecati et delectus aut dolorem. Officia maiores enim.,5,16,ipsum doloribus dicta,2010-07-03T04:18:36.582Z
50,11,Teresa.Mayer92,1,Fugit provident cumque natus. Voluptatem est aut cupiditate nam aut laudantium et maiores.,2,9,pariatur eos cupiditate,2017-06-19T21:55:55.473Z
51,11,Bridget68,1,Deserunt velit omnis non recusandae. Et saepe eos. Doloremque accusantium suscipit ducimus eum sed sed quos itaque sed.,4,0,et ipsam sequi,2015-12-08T00:42:35.787Z
52,11,Jailyn96,1,Nihil facere commodi. Dolorum et sequi quas. Aspernatur eius voluptas et maxime labore reprehenderit. Ducimus et perferendis est et ducimus et qui dolore.,5,10,quia distinctio aut,2011-07-10T00:31:19.415Z
53,11,Kamille22,1,Quas fugit inventore. Vero voluptatem sapiente saepe cumque a facere pariatur voluptate sint. Quos dolor qui aut quod. Possimus qui sunt ea.,3,21,debitis quae quam,2014-08-11T23:32:44.738Z
54,11,Duncan69,1,Corrupti libero quia. Corporis tenetur deserunt est.,4,22,doloremque minima vero,2015-03-11T16:46:05.184Z
55,12,Athena_Purdy73,1,Eos atque voluptatem. Officia accusantium ipsam quia et non occaecati aut. Modi in reiciendis eos est laborum.,3,8,neque quia repudiandae,2016-05-24T00:11:50.974Z
56,12,Carolyn_Schowalter,1,Minima iure itaque accusantium itaque consequatur modi temporibus iure. Soluta modi libero. Repellat saepe nihil sit cumque repellat minus est et. Vel odit sit beatae at reiciendis non.,1,7,odio quasi unde,2011-11-27T18:32:10.013Z
57,12,Cielo_Macejkovic48,1,Enim et commodi voluptatem voluptas quia labore sit.,4,15,autem quo soluta,2011-04-04T03:09:43.243Z
58,12,Brant90,1,Odit voluptatem libero omnis consectetur voluptatum consectetur at. Adipisci ipsam provident harum non. Tempora aut qui consequatur qui voluptas cum.,4,1,perferendis dolores quae,2012-01-10T16:23:25.231Z
59,12,Lenna18,1,Modi corrupti aut delectus quos quasi eum quod dolorum et. Et sit aliquam. Debitis enim temporibus iure optio.,1,6,aut corrupti est,2016-07-01T02:50:44.451Z
60,13,Felicita53,1,Quo odit ipsam exercitationem exercitationem dolor dolor sit sit et. Veritatis qui voluptas voluptatibus laborum ducimus. Et in alias similique et id quia doloremque non aut. Consequatur non quis error culpa harum repellendus autem.,1,3,et quis sed,2014-11-09T18:08:44.847Z
61,13,Lisandro.Koelpin,1,Perferendis a reiciendis aut assumenda odit. Consequatur dolores placeat. Tempore sequi sed velit quis fuga et non voluptatem fugiat.,1,24,et qui blanditiis,2010-11-24T07:58:23.548Z
62,13,Faye_McGlynn,1,Exercitationem consequatur quas quo enim voluptates pariatur.,1,20,et ipsam ut,2012-04-11T02:45:42.022Z
63,13,Aurore_Reinger,1,Vero voluptatem aut doloribus deleniti consequuntur et impedit. Cum in dicta voluptate.,4,12,doloremque alias corrupti,2012-09-03T22:57:46.955Z
64,13,Chanel54,1,Qui cupiditate magni ipsam laborum consectetur velit.,1,23,quasi corporis enim,2012-06-16T02:43:50.660Z
65,14,Columbus29,1,Consequatur non atque. Odio quia aut earum perspiciatis deserunt.,0,7,enim odit quod,2017-11-30T19:09:24.858Z
66,14,Osborne_McDermott69,1,Perspiciatis nobis reprehenderit cum qui molestiae officiis rerum officiis. Quam ducimus deleniti et facere. Quod dolores amet incidunt possimus accusamus consequatur beatae harum quibusdam.,1,21,vel ab voluptate,2018-01-31T19:38:15.433Z
67,14,Vern.Quigley,1,Aperiam provident velit temporibus omnis non soluta voluptatibus sapiente magnam.,4,14,doloribus tenetur facere,2010-02-14T21:18:43.648Z
68,14,Nellie_Rosenbaum67,1,Minus voluptas fuga reiciendis nostrum. In soluta eos recusandae sint quo in distinctio consequatur. Repellendus placeat impedit. Unde est et et eaque dicta necessitatibus sapiente.,2,22,amet non velit,2016-04-26T02:22:26.268Z
69,14,Eden.Auer,1,Quibusdam aut quis harum voluptas earum. Optio est nobis ipsum beatae ullam qui aut. Est eum rerum asperiores repellendus. Fuga accusamus nihil distinctio beatae tempora ut explicabo.,1,11,vitae inventore eaque,2016-04-03T21:46:33.603Z
70,15,Blanca93,1,Doloremque quo est. Libero soluta esse dignissimos sunt fugiat perspiciatis ipsum corrupti perferendis.,3,19,amet impedit libero,2018-07-05T09:42:08.575Z
71,15,Brycen.Hammes,1,Eos porro corporis. Voluptates cumque voluptatem repellat ullam quis omnis laborum.,1,21,voluptatem laborum non,2010-04-15T05:21:34.038Z
72,15,Jerad.Romaguera23,1,Pariatur sequi atque non culpa aspernatur.,2,14,recusandae doloribus unde,2012-09-28T09:50:47.297Z
73,15,Ryan57,1,Sequi tenetur aspernatur unde illum sit voluptates voluptas voluptas. Voluptatum harum aut repellat neque facere sint aut sed maxime. Est eos quidem architecto doloremque non.,4,14,iure nostrum impedit,2013-01-10T16:06:43.350Z
74,15,Beryl.Kassulke,1,Et consequatur nulla aspernatur et architecto non molestias quidem. Natus recusandae qui autem voluptatem sed neque aut. Aliquam debitis sint voluptatum.,1,15,suscipit suscipit quisquam,2015-09-06T05:32:41.013Z
75,16,Cristina_Hartmann6,1,Eveniet autem excepturi in possimus natus tempore et tempore. Laboriosam officiis consectetur possimus.,2,16,commodi culpa magni,2015-11-24T10:17:02.208Z
76,16,Holly_Steuber,1,Voluptate quibusdam recusandae labore quas dolore ipsum qui amet ipsa. Tempora hic odit. Deserunt temporibus nulla neque omnis.,4,15,odit earum atque,2013-10-15T14:17:38.441Z
77,16,Kiarra.Gerlach,1,Vel quaerat ipsam minus quia. Dignissimos beatae laborum voluptatum ratione earum ipsum.,5,21,a in reiciendis,2015-11-29T01:29:02.035Z
78,16,Llewellyn_Koss49,1,Culpa nesciunt sapiente architecto quaerat sint non amet ea. Laboriosam omnis accusantium a est.,1,10,dolore exercitationem delectus,2015-01-13T18:34:17.372Z
79,16,Maurine66,1,Veritatis fugiat consequatur.,1,22,libero omnis dignissimos,2014-08-24T23:27:24.375Z
80,17,Jaime.Heaney91,1,Vel veritatis rem. Aut ut enim omnis maiores tenetur dicta et dicta non.,2,21,sed unde voluptatem,2012-09-17T23:48:04.062Z
81,17,Cristian84,1,Magni cumque omnis aliquid qui ipsa non expedita. Earum aut sed.,5,2,est quis ullam,2016-06-02T11:41:37.751Z
82,17,Jo_Schaden4,1,Eveniet repellendus incidunt provident ipsam.,1,1,eum voluptas necessitatibus,2014-12-23T17:37:12.152Z
83,17,Zackery.Runte,1,Qui temporibus reprehenderit consequatur aut quo ea quia nulla ut. Eaque autem nihil possimus quod deleniti ipsum dolor neque.,1,13,itaque dolorem repellendus,2014-03-03T21:56:44.482Z
84,17,Pietro.West,1,Veniam aliquid vero voluptatem et necessitatibus blanditiis quia quo aut.,2,9,enim sed autem,2011-04-25T08:29:00.510Z
85,18,Efren_Graham56,1,Voluptate aperiam maiores provident corrupti. Ea rerum asperiores error quia ipsam. Quia nemo impedit id optio ratione fugiat voluptatibus sit sed. Laborum vel qui reiciendis est velit excepturi et cumque.,2,5,magni reprehenderit dignissimos,2010-06-26T01:12:51.273Z
86,18,Lori.Leannon,1,Quas officia et magnam aut ea sed consequuntur. Et accusantium nisi. Corrupti ut ea tenetur. Vel soluta neque dolor odit.,1,24,quasi temporibus eos,2017-11-15T19:33:08.232Z
87,18,Oceane.Waters82,1,Error ab at qui dolor nisi qui. Ea nihil quidem occaecati beatae hic perspiciatis a harum.,0,22,quia tenetur rerum,2011-01-18T17:37:31.687Z
88,18,Keegan.Pacocha,1,Provident laborum aliquam.,1,22,amet dolores quidem,2015-08-28T11:48:32.266Z
89,18,Howard_Wisozk32,1,Culpa nemo iure nisi ea quo voluptas qui facere inventore. Quia in recusandae et dolores quasi in deserunt. Officiis quaerat officia cupiditate vel illum. Nisi magnam mollitia minus qui rerum aliquam quasi.,4,22,delectus voluptates quidem,2011-10-29T02:13:22.908Z
90,19,Willy.DAmore11,1,Est in dolorem asperiores aperiam incidunt odio dolor. Qui porro quia molestiae dicta. Eos dicta aliquam.,3,9,et magni provident,2010-09-21T19:58:25.690Z
91,19,Katharina.Gottlieb,1,Itaque magnam sapiente exercitationem voluptatem consectetur. Nam odit eos et deleniti in tempora in deleniti.,5,17,voluptatem quos laborum,2017-11-03T17:05:35.747Z
92,19,Rory.Effertz,1,Aliquam possimus non eius. Earum ipsa aperiam corrupti. Quisquam architecto officia. Tempora aut occaecati impedit rem.,0,3,dolorem suscipit dolores,2017-04-26T06:25:45.232Z
93,19,Hank_Braun,1,Enim delectus ducimus natus quis voluptas magnam sint.,5,17,et ratione tempore,2018-10-27T21:36:05.218Z
94,19,Orval_Collins36,1,Dolores error accusantium. Possimus nihil nihil.,2,12,consequatur voluptatem quaerat,2014-09-09T10:21:40.841Z
95,20,Rafaela15,1,Porro illo delectus animi id perferendis debitis deserunt delectus molestiae.,1,1,voluptatem nam rem,2012-10-17T14:18:30.850Z
96,20,Lucienne_Lakin18,1,Voluptatem eum incidunt consequatur aliquid laboriosam perferendis veritatis nihil maiores.,4,17,optio iusto voluptatem,2016-10-21T22:02:26.824Z
97,20,Connor_Bayer5,1,Quaerat blanditiis rerum dolores iste quod atque. Provident eius maiores animi.,2,16,doloremque et optio,2013-07-19T21:53:43.852Z
98,20,Agustina_Koss,1,Eaque porro in in vitae eaque atque ut aut. Architecto magni sint consequatur perspiciatis consequuntur. Tempora est quas earum consequuntur.,1,5,temporibus reiciendis delectus,2010-11-18T07:50:36.536Z
99,20,Bernita_Kihn,1,Enim odit voluptatem rerum odio. Rem maiores recusandae nihil delectus nesciunt omnis voluptas accusantium quis.,1,11,ut eligendi qui,2017-12-01T03:35:18.358Z
100,21,Orpha41,1,Non perspiciatis facere nemo. Ut nobis non voluptatibus et quaerat velit odit quia.,2,4,ut et voluptas,2015-04-29T04:03:36.343Z
101,21,Jessie_Mertz,1,Consequatur consequatur aut fugiat nesciunt et ea minus.,1,5,ad quasi consequatur,2017-04-18T07:02:54.081Z
102,21,Jany_Durgan94,1,Non eaque provident architecto nemo rerum voluptas. Eligendi sunt quo repellat et consectetur. Minus esse perspiciatis consequatur. Magnam sequi eius et odit quae sunt.,2,24,nam aut nihil,2010-12-13T08:46:27.440Z
103,21,Leonie.Friesen,1,Autem quasi nisi. Occaecati sed vel pariatur aperiam. Voluptas expedita pariatur non enim tempore eaque enim laudantium aliquam.,1,9,perferendis in quia,2018-07-06T12:49:54.528Z
104,21,Jarrod42,1,Numquam ipsum sed sint nihil voluptatem. Quia aspernatur omnis. Illo voluptates eveniet delectus dolor consectetur deleniti eveniet. Nobis similique nihil veritatis impedit animi voluptas ipsa non.,5,21,odio impedit sed,2014-10-18T07:42:01.945Z
105,22,Ivory.Langworth,1,Incidunt vero dicta ad illo aspernatur placeat et quam laboriosam. Laborum est occaecati quod reiciendis quia aperiam molestias. Vero dolorum tempora aliquid ut beatae dolores. Aliquid consectetur ut placeat.,5,20,numquam eaque vitae,2017-04-04T21:54:55.877Z
106,22,Domenick.Mosciski90,1,Esse qui ab maiores voluptas et quaerat. Placeat eaque et. Eum earum ratione vel qui porro dicta sed.,2,13,et sit quod,2013-12-13T03:07:27.222Z
107,22,Andreanne_Borer69,1,Rem cupiditate cupiditate modi assumenda laborum consequuntur quas. Voluptates sed autem. Architecto aut rerum. Eius sint necessitatibus laboriosam ullam alias.,4,0,quo excepturi sint,2016-07-19T15:45:24.988Z
108,22,Tina.Wyman40,1,Nostrum corrupti ut. Provident est et omnis eius aut itaque debitis ut modi. Dolores est neque velit vel sed ut.,2,17,perferendis et ut,2015-04-24T04:27:21.734Z
109,22,Dianna.Bogisich,1,Rerum officiis magnam fugit ut architecto accusamus perferendis. Quaerat maxime tenetur et eius facere ea voluptas voluptatem.,3,7,quia exercitationem id,2013-06-12T11:59:23.658Z
110,23,Alexandre.Huel,1,Deserunt veritatis eum unde illo nihil necessitatibus aut debitis.,2,13,eum occaecati illo,2016-01-30T21:22:30.682Z
111,23,Alvena.Lynch88,1,Sequi cum suscipit ut nostrum perspiciatis dolores laboriosam eligendi. Odio et illo in.,5,8,laborum ullam eum,2012-01-08T00:29:41.346Z
112,23,Reilly_Champlin,1,Minima quos ut accusantium ut asperiores quos. Commodi ut eveniet. Quo doloribus nobis voluptas quis molestias quis. Recusandae vel quibusdam.,2,2,non similique qui,2013-07-30T12:58:34.370Z
113,23,Lowell39,1,Quam ab consectetur sequi quo rerum aut animi occaecati voluptatem. Esse ut assumenda numquam cum omnis magnam adipisci. Dolores error aut voluptatem est cupiditate.,2,3,impedit suscipit rerum,2012-08-05T11:36:05.607Z
114,23,Nicholaus45,1,Earum natus in sed quisquam consectetur nemo et dolores consequatur.,1,16,et sit hic,2011-11-07T00:30:52.847Z
115,24,Brannon61,1,Unde perspiciatis aspernatur minima sit ex consequuntur quia deserunt. Illum in quia ut labore sint provident quae fugiat.,4,11,perferendis laborum atque,2014-02-02T17:04:51.027Z
116,24,Judge_Nader,1,Dicta aut repellendus. Architecto consequatur eos temporibus maxime magni.,1,9,sit soluta quam,2014-09-13T14:03:34.234Z
117,24,Izabella_Kerluke,1,Quis eos assumenda aspernatur. Aliquam et ut exercitationem repellendus et temporibus est commodi nulla. Non sequi aliquam illum. Laudantium aspernatur quis molestiae sunt rerum occaecati nihil totam voluptas.,4,9,voluptatem eos ab,2013-12-25T22:39:01.163Z
118,24,Fermin.Bogisich29,1,Est eaque laboriosam mollitia. Qui libero sint soluta qui velit alias provident amet vel. Vero aliquam esse quisquam dicta ut modi facilis odit. Dolorem est quis et.,5,24,nesciunt et delectus,2015-09-18T02:12:22.224Z
119,24,Kaylee_Paucek,1,Consequatur corporis neque. Adipisci accusantium iste. Odio facilis iure. Et nostrum accusantium cumque ullam dolorem est tempore maxime delectus.,5,23,et omnis voluptates,2011-11-22T09:21:04.070Z
120,25,Faustino76,1,Sed tempora dolorem eos quibusdam non vero iusto cum. Tempora voluptatum ut accusantium tempora. Deserunt aperiam dolores quisquam. Accusamus nobis qui libero molestiae.,2,1,est nulla similique,2010-10-04T13:10:52.366Z
121,25,Lenny79,1,Neque recusandae sunt non. Est quia natus. Voluptatem et et atque necessitatibus rem omnis harum qui laboriosam.,4,4,dolorum id laudantium,2013-10-19T06:33:49.258Z
122,25,Cora_Robel59,1,Quia blanditiis et. Sunt et voluptas in. Inventore qui ut. Explicabo sit harum molestiae tempora adipisci delectus.,4,9,distinctio harum sed,2011-04-19T23:34:00.195Z
123,25,Katelyn.Trantow94,1,Quis dolore sit inventore reiciendis ab natus ratione. Fugit voluptatibus eos aut impedit ratione sequi.,1,5,et expedita dolorem,2014-08-10T01:51:26.210Z
124,25,Alysha19,1,Vitae ut est quis nemo. Nostrum cupiditate rerum nisi est et consequatur qui dolorem.,4,20,ducimus ab eum,2010-02-03T21:58:58.885Z
125,26,Myra.Kassulke,1,Nihil repudiandae molestiae omnis eos dolor nihil delectus doloribus est. Voluptatibus quis aliquam aut dolorem aut in exercitationem repellendus. Et praesentium sapiente dolores est autem quisquam ratione dolorem illum. Maiores labore quaerat voluptas.,2,10,facere praesentium molestiae,2018-01-13T17:17:39.485Z
126,26,Mathias_Lebsack88,1,Architecto deleniti veniam veritatis recusandae. Dolores rerum quidem totam delectus consequatur.,5,3,aliquid ea voluptates,2011-11-04T22:18:23.811Z
127,26,Bernard39,1,Est quod soluta nostrum laboriosam neque aut aperiam neque. Ea sunt maiores quo velit ea. Aspernatur provident asperiores beatae consequatur incidunt facere nulla. Vitae doloremque commodi.,4,14,et et voluptatem,2011-03-13T22:42:07.697Z
128,26,Joshua.Bechtelar71,1,Enim tenetur qui sunt fuga ut.,3,4,impedit ad non,2010-04-19T14:42:11.204Z
129,26,Ernie97,1,Accusamus minima aut perferendis maiores quisquam et. Illum quos blanditiis corporis omnis nisi reiciendis.,3,4,necessitatibus fugit voluptatibus,2010-07-26T23:33:21.114Z
130,27,Lera.Wintheiser36,1,Repudiandae sed nihil aut quisquam nobis fugiat. Magni dicta sit qui earum. Qui suscipit quia.,4,1,cumque asperiores quia,2013-02-19T01:05:54.743Z
131,27,Lorine.Kuvalis9,1,Autem sit qui aut numquam ab accusamus consequuntur. Quia dolorum ad atque tempora incidunt error doloribus sunt. Nihil veritatis quo sed quia nesciunt aperiam. Qui est autem occaecati.,3,18,provident in voluptas,2015-03-08T17:54:04.610Z
132,27,Anahi.Stroman,1,Nisi hic eum quod. Molestias quam quas ut. Consequuntur voluptas et rem.,5,12,asperiores et placeat,2015-08-28T11:21:15.002Z
133,27,Bartholome55,1,Quasi tempore pariatur tempora nihil dolorem quisquam veritatis aut. Iste fugit ipsum. Voluptatum nam voluptas exercitationem.,4,24,beatae tempora iusto,2012-07-16T04:19:58.837Z
134,27,Durward.Ratke44,1,In cumque et omnis est velit blanditiis molestiae. Ratione molestiae perspiciatis aut qui alias rerum. Veniam et sed saepe aut qui cum.,3,6,non dicta omnis,2016-11-20T18:25:02.260Z
135,28,Suzanne_Daugherty,1,Qui molestiae facilis fugiat dolorem ut odit molestiae vel nobis. Dolore qui quos a molestiae ad aspernatur animi. Ipsam quia mollitia sunt rerum et. Enim voluptatum et dolor aperiam aut officiis dolor.,5,6,eligendi perspiciatis sed,2016-07-26T05:15:55.470Z
136,28,Julian_Pouros,1,Corporis praesentium quas qui et accusantium amet.,3,4,est ut non,2011-03-05T00:45:57.488Z
137,28,Dayna_Streich43,1,Voluptatem quo voluptates molestias quaerat voluptatibus recusandae accusantium tempora quos. Repudiandae quos mollitia. Reprehenderit dolorum sunt ex aspernatur sed aliquid quis dignissimos iusto. Repellat quae excepturi vel vitae et magnam.,3,10,dicta explicabo vel,2018-07-27T13:57:20.027Z
138,28,Kennedy_Hilll43,1,Voluptatem ut aut in autem illum. Soluta soluta pariatur voluptatibus perferendis amet unde et perferendis. Veritatis voluptatum nobis optio autem nisi voluptatem eum quam ut. Fugit eveniet illum voluptatem et quod non.,4,8,omnis voluptas sunt,2010-07-23T08:19:26.643Z
139,28,Krystina_Conn71,1,Distinctio molestiae voluptates consequatur maiores voluptate. Odit itaque veritatis.,2,20,et corrupti facilis,2016-11-02T21:52:55.514Z
140,29,Alec55,1,Fugit molestiae tenetur. Soluta et beatae unde culpa et. Dolores vero tempore deserunt voluptas necessitatibus eos adipisci nulla.,2,7,deleniti odio tenetur,2017-10-23T04:56:23.162Z
141,29,Joey_Eichmann12,1,Et incidunt ut ipsum in dolor accusantium cupiditate odio odit. Quidem dignissimos itaque quod fugiat provident iste vel perferendis. Nihil atque non rerum sit dignissimos aut est aut. Eos illum itaque dolores voluptatem debitis soluta neque.,5,15,sint harum accusantium,2015-07-15T09:50:12.983Z
142,29,Elwyn_Friesen36,1,Dignissimos mollitia perspiciatis et architecto aliquam quisquam.,0,10,ipsa illum dolores,2010-11-04T05:39:49.981Z
143,29,Viola.Collier,1,Ut voluptates voluptatem quos fuga officiis placeat.,5,12,nulla ex possimus,2014-11-12T15:34:12.348Z
144,29,Stuart.Aufderhar29,1,Exercitationem magnam veniam qui optio explicabo quasi sunt nisi. Quo est sed consequatur consequatur nulla adipisci.,5,14,ratione a totam,2012-11-15T18:03:14.230Z
145,30,Marcelle45,1,Quam sapiente hic ex quo quibusdam.,2,18,expedita et nihil,2016-05-17T08:41:23.058Z
146,30,Jacky_Roob78,1,Nihil aut voluptatem recusandae et et alias. Quidem qui doloribus fugiat sunt qui unde.,1,2,voluptatem saepe quia,2011-04-10T11:40:38.090Z
147,30,Adrianna28,1,Ut corrupti tenetur qui est expedita ipsum repellat.,3,9,ex ipsam est,2010-04-23T05:34:19.677Z
148,30,Ruthie.Jenkins78,1,Et impedit libero reiciendis iure quia atque reiciendis consequatur soluta. Nihil fugit temporibus. Praesentium maxime non ut expedita nesciunt et est error enim.,3,16,quibusdam corrupti minima,2013-05-21T15:25:13.333Z
149,30,Adriana.Stroman,1,Iure culpa qui. Ad eveniet qui voluptate molestias. Similique dignissimos sint recusandae pariatur distinctio.,4,1,quos veritatis cumque,2015-03-21T00:18:09.351Z
150,31,Reginald_Lang20,1,Mollitia et nesciunt odit animi non quaerat laboriosam quia. Eaque quas cupiditate consectetur. Sunt ut quod quas.,1,22,molestiae dolorem dignissimos,2016-11-14T18:19:32.615Z
151,31,Abe_OConner,1,Eos qui nihil deserunt sit qui omnis aut consectetur delectus. Asperiores minima saepe qui eligendi cupiditate et. Suscipit sit eum laborum.,2,0,et labore dolorem,2013-10-04T08:15:47.595Z
152,31,Cindy36,1,Enim similique est minus qui autem at officia. Sunt inventore voluptatem. Laborum at sit. Quia porro quidem qui laboriosam autem.,4,6,accusantium molestiae facere,2013-10-25T08:22:01.011Z
153,31,Rosanna.Langworth99,1,Et qui est commodi culpa quasi. Voluptas praesentium impedit et non asperiores. Sequi temporibus architecto earum incidunt. Eligendi ducimus similique minima ut iure commodi voluptatem eum.,3,18,tenetur illum ea,2016-08-03T01:58:34.365Z
154,31,Gaetano73,1,Repellat est nesciunt ipsa non nam sit. Debitis ratione corporis sunt ab doloribus est dicta sapiente.,1,11,qui minus voluptatibus,2018-03-17T05:20:58.717Z
155,32,Virginia.Lubowitz,1,Repellendus dolores dolore reprehenderit. Laudantium eveniet porro ut officiis quos ea. Aut est et quaerat voluptas amet id animi.,1,1,perspiciatis omnis ut,2012-06-08T02:57:20.185Z
156,32,Doyle.Johnston,1,Ducimus illum sed exercitationem consequatur iste velit.,0,13,dolorum non sequi,2017-01-07T19:30:11.422Z
157,32,Vidal_Stiedemann1,1,Repudiandae est dolorem temporibus earum.,4,12,quo delectus nulla,2016-02-21T10:30:04.824Z
158,32,Clifton.Von,1,Est vel error et sint est. Consectetur aspernatur et nulla et blanditiis velit sit ea. Rem qui et.,1,6,provident sunt natus,2012-09-15T13:43:50.888Z
159,32,Gaetano_Ondricka9,1,Autem ipsum aut ullam quae sint autem qui. Maiores id tempore exercitationem odio nulla voluptas quaerat. Qui esse expedita repudiandae et optio molestiae quia dolore. Non vero maxime dolor debitis dolore magnam.,1,25,quis aperiam quae,2016-10-05T05:08:06.732Z
160,33,Easton_Balistreri,1,Consequuntur in placeat impedit ut laboriosam minima libero similique et. Qui rerum vitae molestiae enim autem ut necessitatibus suscipit tenetur. Earum totam pariatur at quia. Cupiditate qui est adipisci architecto magnam quia blanditiis.,1,4,sit autem voluptatibus,2014-09-02T22:04:11.024Z
161,33,Lacy.Walter,1,Autem dolor ut repudiandae placeat fuga et necessitatibus porro. Libero omnis magnam repellat repellendus.,4,3,aut quia libero,2018-08-02T04:40:05.458Z
162,33,Marc_Braun,1,Optio autem laborum dolorem odit. Saepe minima eum quos animi. Molestias dolore voluptas odio. Repellendus veniam esse quis rerum nemo.,0,12,officia nemo ea,2010-12-29T00:13:47.412Z
163,33,Lilian.Howe,1,Voluptatem rerum eveniet et eum perferendis ut. Et facere qui dignissimos tempore dolores quod ducimus sit quod.,0,20,laudantium eligendi a,2014-01-06T17:32:00.906Z
164,33,Fritz14,1,Eaque sed doloribus provident quisquam voluptas.,4,13,tempore laudantium quibusdam,2013-07-18T21:39:52.062Z
165,34,Ervin_Bernhard,1,At itaque et nihil. Tenetur architecto iste ipsa laborum et porro.,4,14,vel temporibus ut,2016-06-08T16:23:02.987Z
166,34,Eleonore.Cummings74,1,Perspiciatis ratione ipsam vero.,2,7,molestiae enim odit,2011-04-23T17:33:10.544Z
167,34,Ronny.Frami31,1,Ad a cupiditate fuga sit fugiat est qui enim error. Aperiam sed id aperiam commodi. Ut nihil voluptates quaerat voluptas alias ipsum accusamus magnam.,4,19,temporibus fugiat autem,2018-01-29T11:18:04.154Z
168,34,Bertrand.Dickens,1,Libero in earum. Voluptate similique voluptatem. Deleniti ipsum eos assumenda.,5,1,ab doloremque quis,2015-08-23T09:30:31.726Z
169,34,Jaron_Douglas37,1,Repellendus fuga qui vitae. Odit sunt aperiam quis numquam est officia quia. Facilis et eius et voluptatem aut consectetur omnis. Aut necessitatibus non delectus iusto eum voluptates.,4,23,ea et quod,2012-05-24T05:44:14.899Z
170,35,Katrina.Bergnaum54,1,Animi deleniti corrupti repellendus tenetur ratione porro animi natus.,3,16,consequatur est quia,2016-05-01T19:14:48.536Z
171,35,Price35,1,Voluptatem alias similique iusto vero labore. Officia quisquam architecto delectus et libero. Maiores quisquam minima alias illo incidunt laborum dolores reprehenderit.,5,19,ad perferendis excepturi,2014-09-19T21:03:57.826Z
172,35,Jedediah.Gorczany95,1,Maiores delectus et et libero sit saepe minima et. Id porro voluptatem ut natus ullam architecto odit qui quasi. Rerum dignissimos reprehenderit minima praesentium quia modi.,0,24,autem a doloribus,2011-08-15T07:41:18.961Z
173,35,Antonette.Hand,1,Blanditiis officiis porro id a assumenda corporis sunt. Est ipsa et. Itaque non dicta expedita ducimus earum et ut. Saepe dolorum fugiat tenetur explicabo sunt earum ut provident.,1,20,nulla aspernatur qui,2012-10-18T23:12:22.023Z
174,35,Luella.Raynor96,1,Illum rerum deserunt et doloremque esse culpa quia. Veniam quisquam id amet id.,3,2,vero veritatis fugit,2013-05-05T11:10:46.050Z
175,36,Euna_Dickens,1,Atque reiciendis et iure animi nam autem. Qui nulla perferendis distinctio aspernatur.,4,18,omnis repellat nesciunt,2012-04-21T17:20:18.868Z
176,36,Sigurd.Stark,1,Reprehenderit id porro sint. Exercitationem sit quibusdam voluptatum eaque sint eligendi. Cum quia minima sint pariatur. Dolorem repudiandae voluptates est.,4,12,nulla fugit voluptatibus,2013-12-11T13:24:59.931Z
177,36,Blaise.Hagenes20,1,Sed eaque qui sunt officiis iusto aut vel. Laborum ut repudiandae ut. Excepturi natus sit aliquam aliquid ut est adipisci. Ex iusto velit et facere voluptas ducimus velit aut.,3,1,ex occaecati provident,2011-07-29T23:06:49.661Z
178,36,Dominique_Wisoky,1,Dignissimos dolorem unde eum quos qui repellendus corrupti nihil eveniet. Tempora recusandae adipisci similique. Aut voluptatibus officiis quo unde illum accusantium id.,2,15,modi provident ipsam,2017-06-16T22:19:54.276Z
179,36,Laverna.Carroll89,1,Aut omnis nam ullam et totam corporis aut atque aut. Ipsum in beatae et id dolorem officia. Aut rerum vitae est. Veritatis dolorem ducimus necessitatibus.,2,10,rerum et laudantium,2016-01-31T05:56:58.799Z
180,37,Tanner37,1,Nostrum recusandae dolor. Nisi architecto unde sit qui fugiat sint. Provident nesciunt similique nam qui. Commodi consequatur iste.,0,3,nostrum dicta et,2012-03-29T14:38:09.800Z
181,37,Janis_Hyatt,1,Et qui sit consectetur et inventore dicta. Fugiat repellat quo possimus.,2,2,veritatis tempore eveniet,2012-06-04T22:04:55.670Z
182,37,Anjali.Heidenreich,1,Doloribus et aut et corporis. Atque suscipit nostrum.,2,15,natus magnam consectetur,2011-06-10T10:28:42.184Z
183,37,Hanna_Gutmann37,1,Quisquam earum quaerat. Ut sed nemo ut consectetur corporis a ipsam. Sequi omnis veritatis enim consequatur voluptatibus facere. Fugit aut cumque exercitationem.,2,16,cupiditate qui veniam,2010-06-05T19:29:31.223Z
184,37,Rosina_Shields,1,Aut beatae qui doloremque. Nihil quae aut quos non et consequatur. Voluptatem voluptatem ea modi accusamus ad distinctio nemo. Atque id quasi rerum non.,2,10,natus aut quisquam,2018-06-01T19:09:39.321Z
185,38,Buck.Wilkinson48,1,Suscipit magnam velit ipsam eius aut. Quo saepe sint aperiam mollitia iste. Accusamus accusantium cum. Eaque enim aperiam sapiente molestias officiis id commodi ullam molestias.,5,21,rerum quo ut,2011-06-03T11:05:36.875Z
186,38,Aurore_Shanahan67,1,Sed quo fugiat vitae.,3,21,quisquam qui voluptatem,2015-09-20T01:37:53.717Z
187,38,Norwood.Hoeger90,1,Non nihil esse ea blanditiis ut earum. Quo rerum sunt et aut sit quos et ut rerum. Consequatur nemo est a.,3,24,aut laudantium ut,2010-06-17T04:07:40.140Z
188,38,Enrico9,1,Maiores reiciendis qui sed error neque distinctio. Dolores facilis omnis et quo sunt molestiae dolorum consequuntur. Ut laborum quia sunt explicabo qui quos modi alias est. Odit rerum iure aut aut.,1,17,qui dolorum expedita,2015-04-30T14:19:09.218Z
189,38,Reginald17,1,Id sed rerum ipsum non atque illo dignissimos. Libero earum illo.,4,6,totam voluptatem voluptate,2016-08-17T14:13:17.209Z
190,39,Loma72,1,Qui necessitatibus et aliquid ullam. Non repellat et. Incidunt cumque recusandae commodi facilis nobis.,5,13,expedita voluptas quo,2016-12-20T16:43:42.583Z
191,39,Kira55,1,Libero expedita deleniti laboriosam aperiam rerum minus. Non inventore corporis.,5,11,voluptatum dolores accusamus,2012-05-23T11:44:50.770Z
192,39,Rollin_Hessel52,1,Expedita et illum itaque aliquid similique omnis. Ut et maiores sit sit consequatur nihil neque ut minus. Id qui accusamus placeat alias sit quaerat ducimus accusamus commodi. Vitae debitis optio.,0,11,non consectetur aut,2014-10-25T13:32:04.044Z
193,39,Hassie_Toy92,1,Tempore exercitationem dignissimos autem numquam qui ut. Ut ut saepe et voluptatem sit quaerat sed ut molestiae.,0,9,qui officia quidem,2014-04-15T02:53:25.209Z
194,39,Dasia7,1,Ad velit voluptatem id distinctio doloremque ut explicabo est commodi.,2,13,quia odio hic,2015-05-16T02:56:13.621Z
195,40,Priscilla.Davis,1,Ducimus modi libero consequatur quia et. Voluptatem quis iure delectus facere qui. Numquam eveniet voluptatem praesentium dolore maiores. Nisi eligendi eum architecto at.,2,23,ipsa et beatae,2013-10-12T20:03:14.992Z
196,40,Pablo18,1,Neque excepturi rerum saepe sit necessitatibus. Et quia tempore magnam repellendus quis laudantium suscipit asperiores amet. Id odit inventore in hic dolorem dolores tempore omnis. Quidem est consequatur rerum quis.,2,20,iure qui consequatur,2013-04-13T00:49:01.136Z
197,40,Lacey.Stamm61,1,Ea modi omnis quis in aut est dolores aut.,4,4,occaecati sed qui,2014-12-25T18:48:51.770Z
198,40,Gregoria_Spinka34,1,Voluptatem quia qui ut doloribus. Adipisci quibusdam iusto velit sapiente autem laborum quae reprehenderit voluptatem.,5,16,excepturi ad voluptas,2018-03-06T01:14:26.248Z
199,40,Judge.Durgan,1,Nemo quis est soluta aut qui. Alias maxime quasi.,4,9,nisi fugiat numquam,2014-06-18T13:18:37.706Z
200,41,Cheyenne0,1,Alias sapiente corporis voluptatibus.,3,18,repudiandae quae ut,2011-01-24T08:34:50.709Z
201,41,Simeon_Stamm,1,Minima illum molestiae eos eum. Similique expedita facere neque dolores nihil voluptatem quod rerum. Ea aliquam qui vero tempore est recusandae omnis.,1,5,natus et sit,2018-11-30T06:19:41.884Z
202,41,Ernestine.Johns,1,Occaecati porro unde.,3,23,itaque sit facilis,2017-03-18T05:39:35.414Z
203,41,Douglas_Stokes,1,Aliquid omnis minus consequatur iusto consectetur ipsam illum. Ex veritatis aut magni tenetur. Quia aut rem quis aut sapiente minima.,5,20,omnis reprehenderit omnis,2015-08-12T18:41:31.901Z
204,41,Aaron_Buckridge,1,Est est voluptas doloribus ut enim aspernatur a. Saepe et rem quae error. Aut atque nostrum voluptatem sit distinctio cumque molestiae qui perferendis.,2,6,esse nesciunt ut,2012-01-29T06:29:59.420Z
205,42,Cruz20,1,Unde itaque amet ut. Aut id quaerat sed molestias consectetur illo pariatur.,0,1,et officiis non,2013-11-23T15:47:43.313Z
206,42,Bertram_Hane63,1,Molestias exercitationem harum esse. Minima dolor magni quia quia eius laudantium voluptatum praesentium. Exercitationem sed consequatur temporibus cum et omnis reprehenderit ipsa doloremque. Consequatur voluptatum vero occaecati.,4,3,eligendi excepturi quod,2015-08-22T06:58:52.785Z
207,42,Lindsey47,1,Aliquid nam temporibus dolore et commodi rerum occaecati delectus iste. Corporis atque eum dolore recusandae ullam eaque consequuntur vel sit. Qui id amet dolore eveniet expedita et ab. Veritatis sit esse temporibus adipisci nihil ipsam.,3,9,at sunt et,2012-08-22T12:17:24.294Z
208,42,Celia.Osinski25,1,Quis distinctio nemo eos corrupti placeat non nisi. Eligendi perferendis perferendis adipisci qui et sint maxime.,4,3,nihil dolores dignissimos,2013-01-10T20:24:12.803Z
209,42,Ola_Graham,1,Minima molestiae sit sed et fuga earum eos aut pariatur. Error soluta reiciendis voluptatibus dolores sed est debitis. Doloremque qui quis laborum.,5,19,placeat esse officia,2012-12-23T18:29:29.484Z
210,43,Domingo0,1,Laborum facere consequuntur reiciendis. Necessitatibus molestiae velit perspiciatis et impedit et ut dolores. Et id similique omnis illo quia pariatur ipsa ab nulla. Ducimus voluptatem odio optio consectetur soluta voluptatem fugiat.,3,8,esse vitae suscipit,2010-07-08T23:14:45.817Z
211,43,Kurt_Ryan75,1,Iusto voluptatem consequatur beatae. Et repellendus libero voluptatem sit laborum dolorem.,4,0,in recusandae nobis,2012-12-25T18:35:06.039Z
212,43,Yesenia.Robel,1,Modi aspernatur tempora quis illo dolores dolorem. Quod officia aliquam non eos mollitia.,1,0,nesciunt aut est,2018-05-21T21:32:53.370Z
213,43,Kennedy.Mante,1,Veritatis cumque perspiciatis sed natus omnis in voluptatem saepe quae. Quisquam quia id voluptas culpa. Iure ut similique quia officiis ut dolorem inventore.,1,1,sint laborum voluptas,2011-07-06T11:44:36.758Z
214,43,Virgil.Green,1,Autem blanditiis nihil necessitatibus voluptatem ducimus eligendi velit voluptas voluptas. Ut quis laboriosam unde delectus.,3,11,voluptatem odio accusamus,2012-04-12T13:04:33.249Z
215,44,Dave.Murazik,1,Illo possimus quia ducimus soluta perferendis. Ipsum et sit nemo velit nobis dolores consequatur ea.,3,21,perferendis enim temporibus,2011-05-21T13:06:40.049Z
216,44,Scarlett_Jacobson18,1,Qui dolorum occaecati repellendus facilis. Delectus ut quo saepe. Aliquid rerum quis qui rerum.,4,16,ad error eligendi,2010-02-02T04:12:22.170Z
217,44,Bulah.Prosacco,1,Vero soluta et autem id voluptate natus et. Eaque et accusantium omnis possimus expedita fuga. Similique consequuntur nostrum sed.,2,8,modi quia blanditiis,2011-08-03T19:54:38.360Z
218,44,Lula.Price3,1,Id sed et illum ea tempora sed aut praesentium ab. Corporis quo maxime quisquam libero.,2,11,cupiditate nemo repellendus,2017-02-02T05:45:32.970Z
219,44,Ardella.Feest,1,Quos et expedita qui natus rerum.,5,19,dolorem ut non,2017-07-13T02:19:08.781Z
220,45,Quinton.Rodriguez32,1,Ex maiores commodi fuga eum illum ut voluptatem. Iste soluta magnam quia qui nisi consequuntur.,0,4,illo incidunt repellendus,2011-03-16T08:56:47.897Z
221,45,Destini8,1,Non enim quia et et.,2,1,quo velit numquam,2011-06-23T09:25:07.520Z
222,45,Keaton_Lowe67,1,Quia totam ullam possimus nostrum explicabo est. Ratione atque ab ipsa occaecati. Mollitia eligendi et error dolore consequatur non voluptates nihil nemo.,4,20,est omnis aut,2017-07-23T03:18:48.159Z
223,45,Dakota.Weimann,1,Aut dolor distinctio rerum cum omnis. Dolorem maxime et. Expedita adipisci autem ut dolores.,5,6,nesciunt explicabo ab,2017-09-06T10:27:12.912Z
224,45,Cassandre38,1,Ut voluptatum ea consequatur. Ipsum non dolore mollitia ut nisi distinctio ut.,4,5,repellendus aut voluptates,2013-07-13T05:54:33.515Z
225,46,Leopold_Jerde40,1,In quos dolore voluptas repellendus exercitationem corporis deserunt. Et nemo eaque non. Quis autem ipsa perferendis non pariatur maxime. Aut assumenda odio voluptatibus velit.,0,20,quidem nisi sit,2014-07-01T11:41:08.811Z
226,46,Wilfrid87,1,Saepe est accusantium quasi voluptate. Occaecati qui at optio autem culpa nemo. Sequi porro assumenda quibusdam et.,2,11,velit aut quia,2013-11-03T21:01:25.056Z
227,46,Ahmed_Schaden34,1,Repellat architecto alias debitis ipsam eum laboriosam fugit officia. Nihil ipsa itaque. Doloremque dolorem culpa sapiente magnam libero nihil recusandae neque. Fuga consequatur mollitia iste repellendus voluptatem a reprehenderit laboriosam.,3,22,nobis tempora natus,2017-09-19T08:56:51.381Z
228,46,Alexandria99,1,Velit vero nostrum pariatur labore ratione et repudiandae at quos.,1,13,ducimus voluptates quas,2017-12-10T21:33:46.670Z
229,46,Reinhold11,1,Quis suscipit et minima. Quia id praesentium rerum vitae. Cupiditate quasi mollitia consequatur consectetur debitis odit. Et rerum quas maiores vero nisi ea minima voluptatem.,1,22,vel dignissimos omnis,2016-10-15T17:26:27.809Z
230,47,Orpha.Hoppe,1,Eveniet quo ipsum repellat quia reiciendis numquam enim. Cupiditate aperiam asperiores et possimus qui eaque. Quibusdam dolorum et itaque maiores quas error. Aliquam qui quia voluptatibus.,3,2,esse doloremque temporibus,2018-07-24T08:58:49.397Z
231,47,Kelvin.Zieme,1,Deserunt enim autem est cum sunt officia eos voluptatem. Et ut omnis ut necessitatibus voluptates. Sit quae et qui tempore deleniti sequi. Optio consequuntur est voluptatem.,3,21,voluptas excepturi et,2018-04-01T18:05:36.554Z
232,47,Bonita.Torp,1,Quo aspernatur eum quam et culpa et ratione tenetur in. Quo facilis ut iure eius fuga rerum quam.,1,8,rem quibusdam itaque,2012-04-03T02:56:07.277Z
233,47,Otto35,1,Reprehenderit eos et provident quia ut unde. Dolores vero ab quo quasi dicta beatae placeat aut. Voluptates velit eveniet sint repellendus maiores ducimus quas aut ea. Nulla impedit nisi totam eos unde.,1,17,inventore ad mollitia,2010-05-22T15:20:30.931Z
234,47,Rafaela.Cruickshank,1,Praesentium blanditiis voluptas vero molestiae quia placeat sequi aut aut. Quam quae perspiciatis voluptate et iure.,2,2,quam tempore quo,2012-02-29T08:34:44.900Z
235,48,Hassie95,1,Iste maxime dolor doloremque ipsum iusto ipsum voluptas inventore vel. Laudantium accusamus eos. Est doloribus eaque voluptates nam nemo eos laudantium. Iure quasi sed mollitia impedit iure voluptate est.,5,13,iste sit qui,2015-07-26T18:38:52.397Z
236,48,Adrienne.Boyle,1,Et quas veritatis mollitia in reiciendis voluptas voluptatem dolorem facere.,3,25,consequatur voluptas tempora,2014-03-28T16:27:09.060Z
237,48,Giles0,1,Labore quasi at cumque dolor aspernatur velit molestiae suscipit. Suscipit voluptatem reprehenderit aut veniam.,4,14,corporis adipisci quos,2013-10-13T07:50:20.966Z
238,48,Khalil.Schinner,1,Voluptatibus a aut est et et quae. Similique ut omnis. Est molestiae consectetur architecto necessitatibus nostrum. Omnis cum optio est autem aut ut enim dolorum.,1,12,vero et eaque,2013-12-07T16:28:56.783Z
239,48,Dawn_Skiles77,1,Cumque ratione quaerat voluptas aut.,0,3,velit id ut,2015-11-23T11:32:04.460Z
240,49,Margot85,1,Adipisci ut nobis illum explicabo. Repudiandae doloribus praesentium officia qui explicabo. Dolore et voluptate est voluptate. Quos aliquam non ut ducimus.,1,16,nostrum qui laboriosam,2013-03-01T21:18:21.188Z
241,49,Carroll89,1,Praesentium quis aut consequuntur quo. Et ut placeat sit impedit minima eveniet et provident. Quia quod et.,3,8,aliquam et hic,2018-09-08T14:00:52.777Z
242,49,Shawna.Feil75,1,Sint laboriosam enim et.,4,10,inventore sit sit,2017-10-06T12:25:48.683Z
243,49,Alize_Macejkovic12,1,Sit eveniet autem.,4,14,eos quam eos,2018-02-25T21:31:45.461Z
244,49,Victoria.Veum72,1,Nostrum iusto quis modi debitis soluta minima expedita facere sed. In earum officiis sed nobis. Aliquid aut doloribus et fugiat eveniet sed ut est. Rem voluptatibus sint est doloremque voluptatibus quia impedit amet.,3,19,nemo a tempora,2010-12-15T18:38:26.878Z
245,50,Linnea37,1,Quia corrupti enim voluptatibus voluptatem temporibus assumenda quam aut. Sint aperiam illum et dicta tempora.,5,23,eius pariatur temporibus,2018-10-24T10:08:17.025Z
246,50,Emmanuelle_Koelpin81,1,Omnis tempora aut et eius quo.,3,6,et sit repellendus,2013-12-11T01:44:36.100Z
247,50,Karlie_Goyette,1,Laboriosam quibusdam consequatur repellat tempora aut maiores.,3,9,aspernatur aut ut,2018-01-09T07:18:34.076Z
248,50,Jaunita_Littel60,1,Expedita perferendis sint laboriosam est sed explicabo exercitationem iusto. Dolor sed quam sed velit sed reprehenderit culpa reiciendis laborum. Et sed ad. Et atque a voluptas adipisci dolor nulla.,2,4,placeat fugiat harum,2016-02-22T23:16:47.104Z
249,50,Enrico3,1,Sint quibusdam repudiandae ut nobis voluptates dolores repellat deserunt. Modi numquam tempora consectetur dolores impedit error non sint quos.,2,5,esse reprehenderit deserunt,2012-02-19T23:24:41.941Z
250,51,Jazlyn_Effertz85,1,Est possimus ex magnam quis repellat qui nihil illum ratione. In porro et nihil pariatur esse quia debitis et qui. Qui deserunt est sint quo eum est qui modi. Iure aliquid amet consequatur ut temporibus.,1,14,et blanditiis est,2014-04-11T22:57:25.271Z
251,51,Damaris.Rice,1,Ut animi unde provident accusamus dolor quod quos fugit. Aut enim ipsum eos quia autem neque est repellat. Non optio illum sed. Distinctio animi maxime modi libero deleniti eligendi molestias vel sit.,1,24,quibusdam odit et,2015-12-03T03:18:51.998Z
252,51,Ericka.Yost15,1,Quo et debitis ut est quaerat perspiciatis labore. Beatae rerum voluptatem. Perferendis incidunt consequatur est fugiat provident cum atque rerum. Delectus eos est eligendi nisi sed.,3,21,sit incidunt magnam,2018-09-18T14:58:06.469Z
253,51,Xander_Bruen93,1,Nihil magni quia. Corporis aut dolorem rerum necessitatibus. Est molestiae minus exercitationem eos dolore illum qui eveniet. Possimus neque sed modi id voluptatem autem vel.,1,1,autem labore perspiciatis,2012-12-27T22:52:41.109Z
254,51,Desmond.Koepp,1,Nemo velit atque suscipit quia consequatur corrupti. Est quo aut.,4,9,animi commodi ut,2014-01-16T01:41:45.235Z
255,52,Annabell34,1,Voluptas et qui facilis quibusdam et.,2,18,natus corrupti minus,2011-01-05T16:28:27.406Z
256,52,Loma_Wilderman,1,Ea deserunt perspiciatis vel molestiae. Id animi laboriosam sed.,1,6,nihil ut explicabo,2011-12-13T15:46:42.217Z
257,52,Alysa.Olson,1,Consequatur assumenda assumenda eveniet nihil doloremque numquam laborum et. Qui ut provident illo alias et voluptatem quasi dolorem. Sunt non officia voluptatem amet.,4,25,quos ipsum non,2013-05-13T00:54:37.272Z
258,52,Audra98,1,Aut laudantium voluptatibus. Porro minus in ea doloribus inventore necessitatibus unde. Non consequatur non ut aperiam. Qui libero omnis eligendi nisi id earum et.,5,10,aut dolore ut,2012-12-02T16:09:31.291Z
259,52,Sigurd23,1,Quasi alias vel modi nobis. Et perspiciatis libero. Voluptas fugit dolore accusamus.,3,13,culpa itaque minima,2013-04-25T11:43:41.339Z
260,53,Felipa35,1,Dignissimos accusamus quam. Qui qui porro adipisci ut nisi facilis fugiat.,3,17,ut non perferendis,2010-08-25T16:05:18.094Z
261,53,Alexys_Price69,1,Eius eius atque et in. Autem et sed exercitationem aut. Culpa vel debitis ea ipsa delectus ut soluta nobis. Doloremque id quo magni earum eligendi.,2,11,facere accusantium minus,2011-02-25T05:21:13.773Z
262,53,Hazel14,1,Qui sed voluptatem sed. Id aut ut. Facilis repellendus ipsa amet autem.,3,21,adipisci in consequatur,2012-11-27T19:55:47.042Z
263,53,Diego_Corwin,1,Ut molestiae molestias doloremque qui porro sed est accusamus. Molestiae et temporibus aliquam assumenda et non aut. Minus natus alias ipsum sed.,4,3,animi aut cupiditate,2012-09-20T22:26:44.477Z
264,53,Dora.Spencer53,1,Iure a voluptates accusantium animi asperiores illo. Ad excepturi amet eius culpa totam beatae tenetur enim.,2,17,omnis sunt et,2011-01-13T12:22:12.997Z
265,54,Hayden_Cruickshank,1,Vero nostrum quia architecto qui officia.,2,4,et voluptate quibusdam,2018-10-12T21:15:47.379Z
266,54,Nicholaus_Bauch,1,Quia nostrum consectetur provident et natus. Est veritatis alias consequatur. Quis adipisci ea culpa sint nulla hic aut. Voluptas dolorem nam doloremque quia minus ut quia itaque.,2,7,tempora inventore tenetur,2017-08-28T22:51:12.742Z
267,54,Helen64,1,Omnis nesciunt placeat doloremque. Optio ipsa aut sint.,4,15,autem id dolor,2015-07-10T10:50:15.604Z
268,54,Alejandrin69,1,Corporis numquam est expedita ratione eius architecto provident est occaecati.,1,23,voluptatem voluptatum tempora,2018-06-11T09:28:39.567Z
269,54,Pascale.Hammes25,1,Est accusamus incidunt dignissimos voluptatem dolorem non ullam sit.,2,17,ipsa quibusdam laudantium,2016-11-22T05:57:59.527Z
270,55,Emerald.Streich96,1,Maxime maiores eaque minus aut qui dicta sapiente. Quo eveniet consequatur id omnis omnis quia ipsa in. Iusto nihil quis beatae atque ut porro quos itaque quia. Aperiam qui aut quos labore qui.,3,24,veritatis officiis est,2017-08-28T12:26:53.910Z
271,55,Katlyn22,1,Est omnis ut architecto velit optio asperiores magni. Similique quia mollitia inventore eligendi numquam eligendi placeat. Aut adipisci in eius. Itaque omnis laudantium sit cum est distinctio.,1,6,et ut tempore,2012-06-12T13:44:17.322Z
272,55,Edward17,1,Quia porro sit sed ad excepturi ut.,0,15,animi quis enim,2014-07-07T08:17:33.093Z
273,55,Shany_Cronin72,1,Quibusdam tempora eligendi doloribus quo eos quaerat. Optio odit facilis doloribus nihil quia.,3,25,quo vel saepe,2011-03-19T02:22:01.337Z
274,55,Moriah.Hoppe,1,Quia excepturi dolores doloremque dolores ea non ut aut mollitia.,1,21,veniam dolorum ut,2013-02-19T22:52:59.611Z
275,56,Fern_Ondricka76,1,Consectetur repudiandae voluptatem error deleniti ut repellat explicabo deserunt. Harum sequi aut. Totam officia sit molestiae omnis aliquid minima aliquid aperiam. Porro similique rerum sequi consequatur ea.,3,13,voluptatem molestias facilis,2018-11-10T13:48:26.094Z
276,56,Joey.Welch64,1,Numquam et vitae accusantium illum sunt. Expedita consequatur sunt qui sed ad laborum. Distinctio asperiores a velit qui totam.,4,16,consequatur consequatur sint,2014-03-02T08:35:39.279Z
277,56,Marcel.Stamm87,1,Aut praesentium tempora corrupti quis expedita natus aliquam reprehenderit qui. Veniam mollitia incidunt nihil similique.,2,18,nesciunt voluptatum qui,2014-09-30T21:56:34.747Z
278,56,Bertrand.Legros12,1,Aliquam est sapiente id dolorem nulla.,2,19,inventore minus ipsum,2015-10-20T09:54:49.630Z
279,56,Reymundo.Kassulke2,1,Quo impedit molestias nobis aspernatur ipsam perferendis eum.,2,16,non et quasi,2011-02-02T01:55:11.224Z
280,57,Nikolas49,1,Unde consequatur eos.,4,21,ut a inventore,2013-11-22T00:27:28.365Z
281,57,Bridgette_Hirthe,1,Ex repellendus esse aut incidunt quos optio est. Sunt maiores aliquid eum impedit quasi dolore quo. Qui libero voluptatem velit voluptatem.,2,24,ipsa est distinctio,2016-12-16T10:21:00.513Z
282,57,Jalyn.Braun90,1,Sit ad veniam in voluptas quo et occaecati fugiat. Beatae esse atque aliquam architecto consequuntur blanditiis. Quia omnis qui quas.,3,21,odio ut quo,2018-09-16T22:43:03.959Z
283,57,Willard_Bergstrom,1,Dolor cumque autem omnis natus voluptatem qui consequatur quo sed.,4,8,vel ea sed,2013-03-06T03:25:44.009Z
284,57,Gracie26,1,Enim eos qui repellat facere placeat.,4,24,ut ducimus sequi,2018-10-01T02:50:47.740Z
285,58,Eleonore.Moen5,1,Blanditiis voluptas nihil nisi temporibus tempore architecto.,4,17,quidem repellendus minima,2018-04-23T01:05:47.254Z
286,58,Kristian.Moen81,1,Quisquam non distinctio dolore. Laboriosam aut aperiam eos.,3,4,ut tempore nesciunt,2014-08-09T09:03:13.022Z
287,58,Javier_Kling,1,Ex voluptas modi suscipit placeat totam. A animi quis aut beatae molestiae. Cupiditate natus quae quibusdam. Voluptatum odit autem voluptatem dolor.,2,5,ut quis doloribus,2014-09-08T11:10:10.112Z
288,58,Harold70,1,Nesciunt eum provident molestias rerum provident eum maxime. Delectus eveniet debitis nihil incidunt eos ea ipsam. Consequatur explicabo asperiores debitis ducimus. Dolorem rerum et voluptatem magnam quia doloribus voluptas.,1,22,est fugiat assumenda,2014-01-01T12:14:52.167Z
289,58,Jimmie81,1,Modi id perspiciatis. Et et voluptates autem facilis ducimus rem. Vero quae aut consequatur eum tempore consectetur. Quod aut cum quis quo.,5,6,ducimus recusandae hic,2015-03-25T02:46:40.724Z
290,59,Buster_Hegmann95,1,Eligendi earum natus repellendus nulla.,1,9,doloribus soluta voluptate,2018-10-02T22:32:29.535Z
291,59,Ramiro.Weissnat,1,Est dolorem vitae ut.,3,14,dolore doloremque et,2017-09-18T07:51:55.012Z
292,59,Norval_Williamson,1,Rerum dolorem excepturi odit eius minus corporis dicta saepe doloremque.,5,19,a expedita odit,2017-01-28T03:42:47.225Z
293,59,Jaquan25,1,Maiores sunt corrupti.,4,19,quas et alias,2012-04-05T12:16:25.265Z
294,59,Bernardo99,1,Libero enim molestias a doloribus ut totam id et. Ut non quaerat et omnis a. Nostrum commodi iste cum fuga molestiae numquam consequatur.,2,5,non itaque rerum,2015-06-05T18:05:10.035Z
295,60,Paxton.Kshlerin,1,Sed quas voluptatem dolorum iure consequatur aut repellat culpa aut. Est perferendis quis. Consequatur culpa quos dolorum molestiae nobis iure.,2,9,id autem quae,2014-03-21T20:57:48.115Z
296,60,Brenden.Gleason34,1,Neque perspiciatis qui amet. Quasi saepe aut qui quas eos. Laudantium aut rem ratione quas accusamus culpa tempora molestiae voluptas.,2,15,velit quia accusamus,2016-04-14T15:36:10.717Z
297,60,Luther_Walsh,1,Sapiente non occaecati sapiente ad.,2,12,non est reiciendis,2018-11-01T04:48:13.804Z
298,60,Dallin62,1,Ullam quia placeat sunt velit eum minus consequatur vitae quia. Deleniti et delectus sed cum saepe aliquid ex quis fugit. Accusamus et fugit aut et provident repudiandae eos. Est eius officia animi omnis maxime vitae assumenda deserunt animi.,3,10,nemo vero eum,2017-03-21T04:52:22.835Z
299,60,Collin.Brown71,1,Similique eos qui nesciunt. Et at recusandae neque et quidem molestiae voluptas dolor. Tempore non nobis debitis fugit sit. Est distinctio non ipsa et.,5,2,sapiente rerum sit,2013-06-19T07:47:11.200Z
300,61,Kendall.Considine,1,Adipisci voluptatem sapiente. Porro ut beatae quia aut.,1,24,ratione praesentium ipsum,2011-03-04T17:51:35.246Z
301,61,Bernadine.Green,1,Blanditiis aliquid voluptatem et error quasi architecto eveniet.,0,9,ut est sunt,2013-08-25T01:49:18.177Z
302,61,Alfonso_Ryan,1,Est voluptatum est aut vero. Atque aut deserunt ipsum beatae. Consequatur quod neque inventore.,4,14,animi beatae optio,2016-04-13T13:09:09.915Z
303,61,Stevie93,1,Quibusdam ea qui. Magni aspernatur voluptas et et inventore pariatur omnis. Ducimus dolor perferendis.,4,5,voluptas perspiciatis officiis,2015-09-17T05:21:09.179Z
304,61,Jacynthe_Altenwerth15,1,Non possimus et debitis tenetur et quis eum repellat.,5,14,soluta quisquam placeat,2010-04-12T02:08:50.637Z
305,62,Vanessa68,1,Consequatur cum est sapiente doloribus possimus repudiandae delectus laborum natus. Quae sed quaerat ipsa velit at qui accusamus. Aut at qui omnis molestias sequi velit et consectetur. Eos velit enim ab repellat atque neque dolorum.,2,19,atque quia est,2018-03-16T19:26:47.792Z
306,62,Daniela.Prosacco,1,Dicta possimus id sed quae molestiae sunt accusamus. Blanditiis unde est quia sint suscipit ipsam velit. Perferendis est autem beatae et autem. Quae quas doloribus amet voluptatem aliquam odio qui saepe.,1,20,molestias occaecati tempore,2018-06-25T02:35:20.492Z
307,62,Ottilie_Funk92,1,Natus natus quis veritatis. Eum et quaerat maiores dicta fuga repudiandae qui corrupti officiis. Et dolor voluptates quis excepturi sit ex quasi aliquam.,2,2,blanditiis vel cum,2010-04-27T09:26:34.593Z
308,62,Justen63,1,Perspiciatis dolor quia eum quis.,3,15,rerum consequuntur reprehenderit,2011-03-01T12:16:56.884Z
309,62,Xander_Lynch,1,Quo eveniet totam maiores tempora quos et.,2,21,amet qui est,2015-01-15T02:51:25.701Z
310,63,Dorris.Emard22,1,Placeat est quo officia quibusdam. Modi facilis aut id vel eos dolores dolor laudantium.,0,1,tenetur asperiores voluptates,2011-07-11T17:48:17.374Z
311,63,Aric.Roberts,1,Et magnam ut eveniet voluptatum laudantium ab ea sed quasi. Quasi voluptas qui cumque corporis. Omnis in dolorum consequatur culpa deleniti id atque qui ad. Et fugit rerum facere reiciendis quasi eveniet enim.,1,8,provident tempore autem,2016-09-13T08:22:18.766Z
312,63,Jarred.Beer18,1,Qui deleniti omnis quis sit laudantium non suscipit. Corrupti eligendi ut est voluptate nam eum ab.,3,15,molestias quibusdam architecto,2016-09-20T00:02:32.635Z
313,63,Jasen_Swift,1,Occaecati non qui. Corrupti qui dolores quia molestiae consequuntur ea. Maiores et commodi quasi neque omnis quidem aperiam.,2,6,ut rerum enim,2010-01-19T23:11:53.119Z
314,63,Clifton.Orn38,1,Quia fugiat ut ad sapiente deserunt. Cum quis accusantium id excepturi.,3,9,suscipit expedita dignissimos,2018-05-26T03:23:05.057Z
315,64,Zackery96,1,Repudiandae eos aut.,1,21,veritatis ex eos,2013-01-15T06:15:26.894Z
316,64,Foster_Huels22,1,Veniam ab accusantium fugiat perferendis laboriosam. Rerum laborum atque ut consequuntur magni. Maxime facilis omnis ut.,3,25,et quod velit,2016-04-10T13:45:09.680Z
317,64,Caleb_Koss45,1,Sunt non nisi.,1,25,dolores facilis est,2016-08-24T22:16:58.322Z
318,64,Waldo.Rohan,1,At non maxime nihil. Quasi quia sed magni praesentium qui autem laborum.,4,21,blanditiis doloremque et,2016-06-25T22:50:09.206Z
319,64,Chad_Huels76,1,Omnis praesentium nostrum iusto repellendus in eligendi. Voluptas alias repellendus ut consequatur nobis aperiam.,1,25,in beatae quam,2015-04-11T09:47:01.674Z
320,65,Nannie.Kutch0,1,Est ut quae id nam porro officia atque. Nobis quas et odit sint voluptatum magni officia. Voluptas dolor voluptas molestiae. Sint praesentium deserunt adipisci id.,3,13,sed possimus odit,2015-07-22T16:43:30.580Z
321,65,Haven_McClure76,1,Quia culpa voluptates unde molestiae et et commodi porro. Accusamus dicta eius necessitatibus. Consequatur officiis id aut. Quasi illo dolorum voluptatibus earum.,4,10,rerum in minima,2015-11-01T01:50:18.320Z
322,65,Rosendo_Collier14,1,Quasi perspiciatis eos voluptatem iusto. Nulla quas et porro. Voluptates laboriosam officia quasi numquam consequatur eos aliquam.,2,8,neque id fugiat,2010-02-15T21:50:32.099Z
323,65,Blanche.Cremin,1,Nobis nostrum ipsum soluta rerum voluptas neque. Aut similique qui ea nostrum. Veritatis molestias quidem praesentium quidem ullam culpa. Quisquam iure dicta ab explicabo deleniti repellat.,5,12,sequi eos quam,2018-07-29T16:04:20.353Z
324,65,Milton.Toy21,1,Consequatur nostrum qui ea quo.,2,15,labore est vel,2018-01-07T19:52:06.047Z
325,66,Carleton_Kunde18,1,Vel nostrum voluptatibus.,5,0,quia sequi esse,2011-03-28T07:24:35.471Z
326,66,Jannie_Swaniawski,1,Necessitatibus et eum. Quis blanditiis expedita in est deserunt expedita.,4,9,ullam qui tempora,2016-08-13T04:20:12.739Z
327,66,Laisha84,1,Quaerat exercitationem quisquam quaerat rerum veritatis quis et quam et.,0,12,qui culpa ducimus,2010-05-24T16:24:47.530Z
328,66,Alberta.Bradtke,1,Nemo accusamus ea omnis hic non inventore nam. Repudiandae nisi ut incidunt consequatur labore illo quo molestiae dolorem.,4,4,dicta quam consequatur,2017-08-07T11:45:54.907Z
329,66,Patience.Gulgowski,1,Qui sed fuga veritatis et dolor aut sunt omnis in. Modi temporibus ut ad dolores. Accusamus minus voluptas vel. Dolor deserunt quisquam libero debitis illo voluptatem et.,3,14,nam dolorum consequatur,2018-08-01T02:01:30.815Z
330,67,Lincoln.Lemke,1,Tenetur ad laborum rerum quis.,2,7,odio nisi aperiam,2013-09-13T12:43:50.857Z
331,67,Kadin.Kihn,1,Dolorum optio architecto nesciunt repellendus eius. Nobis deserunt nihil laborum ipsam corrupti laborum temporibus. Nulla commodi voluptatem. Rerum ullam expedita rerum dolorem nihil.,1,9,dolore distinctio dolorem,2017-08-28T00:54:22.379Z
332,67,Isabel_Hegmann13,1,Officiis earum ratione repellendus amet tempora dolor. Est sequi animi ipsa et culpa eligendi accusantium sed illo. Aliquam odit dignissimos rem itaque est et laborum. Dolore eum dolores voluptate.,2,20,ea neque molestias,2015-06-01T16:43:18.932Z
333,67,Edgar38,1,Veritatis quasi corrupti quae repellat voluptates veniam ut est. Nam a molestiae recusandae cupiditate ea soluta. Blanditiis sint amet pariatur neque dolor distinctio nobis. Porro tenetur consectetur corrupti earum perferendis quia illum dignissimos.,5,7,voluptatum modi ut,2012-01-09T11:29:02.003Z
334,67,Hannah5,1,Non et non dolorum qui sed qui quasi. Praesentium soluta illo consequatur nam eos rerum temporibus eos fuga. Molestiae est itaque reprehenderit enim assumenda quod.,3,19,repudiandae facilis et,2017-12-07T18:03:08.508Z
335,68,Theo_Grant49,1,Et placeat laboriosam temporibus vel aut facere optio. Quas reiciendis saepe quia dignissimos dolorem quia quisquam. Maxime sequi quae perspiciatis.,0,8,tempore iure voluptatem,2016-07-09T08:06:53.360Z
336,68,Brando10,1,Exercitationem ab sint ut maxime adipisci.,0,22,tenetur ratione veritatis,2013-07-26T08:16:03.022Z
337,68,Diana51,1,Quia et occaecati perferendis ab sed eveniet et maxime aut.,3,10,dolore velit expedita,2016-01-31T03:32:12.670Z
338,68,Madaline_Skiles,1,Qui facilis quis hic dignissimos ea velit et ut ut. Alias impedit quisquam laudantium placeat enim rerum consequatur.,0,14,quis suscipit corporis,2013-03-18T09:47:32.562Z
339,68,Orion0,1,Omnis repudiandae ut inventore voluptatem doloribus expedita. Laboriosam qui autem dolore.,0,23,delectus nihil fugit,2018-10-28T20:41:33.959Z
340,69,Neil.Toy,1,Qui beatae aut corrupti ipsam culpa harum. Et fugiat ea perferendis aspernatur at sed cupiditate accusamus non.,4,8,nam quo fugiat,2018-11-28T08:23:37.121Z
341,69,Ruben_Halvorson58,1,Aperiam incidunt et odit. Voluptate pariatur vero eveniet minima id at sequi non. Quia ut corrupti laboriosam eos beatae dolore. Necessitatibus dolorum quisquam facilis.,2,3,dolorem quia temporibus,2014-09-29T20:35:06.220Z
342,69,Jalyn_Stiedemann,1,Aliquam molestias soluta fugit cumque aut. Nam iusto similique aliquid eligendi voluptas reprehenderit minima omnis.,5,21,ut eligendi similique,2010-03-08T03:58:24.729Z
343,69,Lue.Kihn16,1,Quo temporibus eos reprehenderit atque praesentium autem maxime quisquam fuga. Sint omnis dolorem assumenda. Magnam non aspernatur voluptas ea. Provident omnis modi quo numquam doloremque et autem deleniti.,4,13,delectus aut adipisci,2014-06-08T10:01:28.863Z
344,69,Foster36,1,Est minus voluptates esse harum molestiae voluptatem. Et facilis ipsam quidem. Ad nisi et ab dolorem veritatis incidunt a rerum praesentium. Sed provident est.,2,10,ea tempore cum,2017-09-21T16:16:23.984Z
345,70,Bette_Hyatt,1,Omnis voluptas ut veritatis accusamus maiores aut quaerat. Nihil facilis rerum quas ullam.,1,8,illo nam reprehenderit,2015-06-19T16:44:24.885Z
346,70,Alden.Wiegand79,1,Et ipsum quis voluptas debitis laboriosam praesentium libero. Ab nulla molestiae. Aliquam qui illum in sint exercitationem tenetur numquam.,5,6,laboriosam nihil itaque,2016-02-23T11:51:57.383Z
347,70,Ana.Swift,1,Iste autem corrupti delectus recusandae assumenda laudantium. Omnis repellendus inventore nostrum. Facere dolorem facere autem natus assumenda aut doloribus dicta.,3,12,minima placeat blanditiis,2012-10-27T16:18:55.193Z
348,70,Coty75,1,Expedita in molestias quibusdam dolor tenetur.,3,16,et aliquam ut,2011-02-13T22:15:18.693Z
349,70,Alden.Hettinger3,1,Et iste illo in esse nemo corrupti et occaecati. Accusamus hic quia saepe aut exercitationem quo fugit quo. Quo aut praesentium qui doloribus molestiae sapiente.,1,2,enim distinctio tempore,2018-01-03T20:14:39.438Z
350,71,Alek_Schroeder,1,Totam sed esse eligendi ipsa.,1,12,et nihil corporis,2014-07-14T03:42:18.125Z
351,71,Kevon.Langosh,1,Sint quas eum blanditiis doloribus perferendis reiciendis possimus debitis ut.,2,13,voluptas quo aut,2010-04-28T23:35:53.600Z
352,71,Jeff.Beier19,1,Voluptatem aspernatur ducimus. Rerum vel laboriosam dolore temporibus. Delectus voluptatibus dicta. Labore aut est et sequi dolores.,3,9,quo numquam vel,2015-04-25T07:53:49.023Z
353,71,Rogelio_Dickinson61,1,Occaecati magni consequuntur aspernatur iure.,4,15,sit est est,2012-06-04T03:17:21.470Z
354,71,Imelda44,1,Autem nisi iste doloribus tempore et magni cum libero. Quia ut eaque aliquid consequuntur repudiandae quia quaerat.,0,13,laborum natus ipsum,2013-05-04T10:10:01.552Z
355,72,Xavier7,1,Quia voluptate molestiae nihil debitis. Sit incidunt quod. Hic unde eaque maxime voluptatem quia dolorem et. Quia soluta praesentium ipsum incidunt est.,3,16,sit sint nihil,2014-02-07T04:27:44.500Z
356,72,Mabelle_Bogan,1,Consequatur est reprehenderit aut aut iste sit perspiciatis doloribus.,3,20,nesciunt est qui,2012-06-30T07:04:37.961Z
357,72,Jeremy_OConnell97,1,Soluta dolorem quibusdam corporis ut repellat nostrum at iste quia. Reiciendis quaerat eos ipsa et explicabo libero a eius id.,2,7,quia earum et,2013-08-23T10:00:01.156Z
358,72,Roxane.Mertz,1,Nihil officia vel. Dolor laborum maxime occaecati veritatis quos excepturi. Quas vel laudantium. Ex et odit.,3,17,officia pariatur quasi,2018-08-17T11:43:42.484Z
359,72,Ken50,1,Voluptatem in saepe est atque possimus accusantium reprehenderit voluptate. Nostrum sint autem non nihil porro illo.,1,22,explicabo molestiae hic,2014-06-10T23:40:17.749Z
360,73,Zachariah_Howell,1,Sed delectus sint deleniti itaque fugit consequatur. Quaerat vel dolor.,3,22,quaerat ut nihil,2013-06-06T06:19:55.258Z
361,73,Claude.Schaefer,1,Laudantium id aut sapiente corrupti culpa cum ducimus. Aut eligendi soluta eos voluptatem a omnis expedita. Voluptatum enim maiores. Velit eos temporibus expedita sunt.,2,4,dolore dolores enim,2016-06-17T08:29:47.790Z
362,73,Easter7,1,Nostrum laboriosam minima consequatur qui non est. Minima totam perferendis eligendi.,2,0,sit qui ipsum,2018-02-26T22:28:27.061Z
363,73,Joany.Parker,1,Quibusdam sapiente esse natus.,4,20,tenetur sequi unde,2018-05-15T20:51:50.710Z
364,73,Roma.Price,1,Est consectetur qui a consequatur inventore ipsa quasi rerum ad.,5,14,autem iste exercitationem,2016-05-23T18:58:10.635Z
365,74,Darlene_Ebert94,1,Et labore sequi molestias atque explicabo totam. Neque et dolores neque consectetur.,3,3,optio eaque voluptate,2017-04-19T16:53:17.232Z
366,74,Sheridan.Kulas3,1,Rerum alias voluptatibus eos consequatur laboriosam rerum qui expedita nobis. Fugiat deserunt inventore. Voluptatem ex doloribus animi quod illo ea enim aliquid.,2,2,cumque omnis ratione,2015-12-28T14:39:33.636Z
367,74,Lacy_Kilback59,1,Repudiandae architecto possimus dolor. Sed omnis et in totam corporis consectetur quisquam optio neque. Rem mollitia voluptas quibusdam est esse iure velit. Porro dignissimos et perferendis a non consequatur perferendis.,2,11,iste perferendis iure,2018-06-10T18:44:19.177Z
368,74,Stanford.Kerluke65,1,In eos aliquid amet reiciendis autem nihil quia. Et voluptas ut deleniti repellat.,1,7,sint exercitationem vel,2012-03-26T15:10:50.033Z
369,74,Dorthy94,1,Ratione est maiores quae sed sunt quibusdam nam rerum magnam.,1,7,veniam qui architecto,2013-07-03T02:06:28.815Z
370,75,Cordia.Corwin,1,Expedita ipsum et ipsa ut totam sapiente.,2,17,sit harum sit,2017-09-16T16:25:02.113Z
371,75,Alphonso32,1,Illo natus voluptatem.,2,11,nobis voluptatum ab,2013-03-07T22:30:04.900Z
372,75,Scarlett.Morar,1,Quibusdam quia quasi perferendis rerum illum amet. Aspernatur nemo ullam laboriosam quod quo dolore et omnis. Consequuntur sint quasi aliquam aut pariatur impedit quia.,3,8,sed voluptatem nemo,2014-12-19T21:01:22.311Z
373,75,Cordie_Stehr10,1,Ex dolorem odio ullam quas nihil.,3,22,expedita vel enim,2012-10-07T03:28:01.324Z
374,75,Hailie_Gleason7,1,Neque a in vel dolores itaque quia tenetur. Consequuntur consequatur molestias rem quaerat vitae sapiente repellendus. Labore et nihil repudiandae sed corrupti dolore repellat et. Est autem consequatur omnis quidem.,4,7,molestiae consequatur officiis,2013-11-20T11:26:20.093Z
375,76,Aracely.Howe,1,Aliquam dolorem beatae.,2,23,voluptas alias consequatur,2013-07-24T10:26:38.764Z
376,76,Ricky.Dach,1,Earum rerum est qui porro occaecati facere. Occaecati commodi et eum in ex iste. Et in dolorum.,0,24,consequatur qui sed,2012-11-10T23:44:41.218Z
377,76,Camren.Ankunding21,1,Nam neque qui ipsum. Aut culpa illum repellat aut optio debitis. Veritatis aut veritatis voluptatem et sit. Sed sequi provident voluptatum architecto sed eveniet suscipit.,0,5,optio sed porro,2018-07-02T16:04:11.528Z
378,76,Effie.Frami84,1,Aut mollitia facere assumenda.,3,4,dolores ut temporibus,2010-02-04T01:10:48.202Z
379,76,Esther15,1,Quaerat corporis beatae dolores tempore.,2,4,magnam minima blanditiis,2013-11-05T08:46:28.591Z
380,77,Cecile.McDermott13,1,Officia voluptatem sint quo dolorem deserunt. Sed deserunt molestiae commodi voluptas ipsa animi. Ad non explicabo illo et.,2,17,accusamus quaerat excepturi,2016-08-24T06:09:12.992Z
381,77,Noble37,1,Exercitationem dolores ut tempore odit. At eaque consequatur. Officia assumenda voluptas recusandae sequi porro est quaerat quidem.,4,4,vero est error,2011-10-14T09:59:18.474Z
382,77,Kacie.Dickinson,1,Sint magni hic aliquid corporis vel eligendi ab quae.,1,17,natus vitae porro,2018-04-24T08:48:16.414Z
383,77,Prince_Gislason,1,Illum nihil qui deleniti dolor excepturi eos. Consectetur voluptatem voluptatem. Esse delectus et.,2,20,adipisci hic illum,2010-08-19T08:55:09.400Z
384,77,Mya.Labadie19,1,Assumenda optio laborum.,2,5,sed doloribus repudiandae,2010-01-06T17:24:38.829Z
385,78,Desiree99,1,Deleniti asperiores animi expedita tempore. Et odit deserunt qui quisquam maxime labore enim dolorem rerum. Et cumque consequuntur. Sit eos optio repellat recusandae placeat eaque veritatis veniam corrupti.,3,10,iure veniam molestias,2011-12-30T02:24:35.819Z
386,78,Savanna_Bailey14,1,Maxime dolore at rerum vel rerum laborum.,5,8,ducimus amet a,2014-02-06T21:36:51.812Z
387,78,Isadore95,1,Molestiae beatae architecto sit quod dolores ut corporis eligendi fugiat. Iusto omnis quam debitis. Aut voluptatem voluptatem est. Voluptatum autem et illo.,4,18,doloremque non porro,2012-04-21T06:42:52.127Z
388,78,Abraham4,1,Qui ea accusantium. Error accusamus laudantium at. Ea et est corporis molestias.,5,13,soluta consequatur necessitatibus,2012-03-06T11:24:00.221Z
389,78,Elise70,1,Est assumenda eum.,3,6,impedit at eaque,2014-05-23T06:34:49.051Z
390,79,Estelle.Spencer,1,Esse excepturi cupiditate repudiandae consectetur. Qui enim nihil labore hic numquam quia praesentium et. Qui in recusandae dolorem iure ipsam at.,2,4,rerum ratione fuga,2014-06-07T13:04:55.690Z
391,79,Ramona.Deckow56,1,Illo aut unde id sed. Ut culpa officiis quasi. Voluptatem eum non ut nam aut excepturi enim ut.,3,22,explicabo omnis voluptatum,2012-07-17T05:37:16.802Z
392,79,Daniela_Howell87,1,Ducimus et sed repellendus aut quia ut.,3,20,velit esse fugit,2016-07-09T01:29:14.542Z
393,79,Darlene.Cruickshank,1,Unde rerum temporibus nihil est optio tempora blanditiis consequatur.,1,23,non sit a,2015-07-23T08:27:02.194Z
394,79,Antonia_Dooley81,1,Et corrupti est.,2,16,expedita itaque doloremque,2018-08-04T16:19:54.097Z
395,80,Baby.Kertzmann,1,Quo est quidem optio sint sit. Itaque ut sed eius sunt commodi vero natus. Voluptatum qui enim et eveniet.,2,12,non officiis repellat,2012-04-05T10:08:51.384Z
396,80,Enrico72,1,Voluptatum dolore architecto ullam aspernatur eos odio sit accusamus. Harum soluta quos accusantium omnis sequi quasi molestias qui. Provident consequuntur expedita quidem unde non perspiciatis et distinctio. Nulla fugiat laboriosam iure ex vitae deserunt laudantium odit inventore.,3,10,perspiciatis itaque cupiditate,2012-02-10T02:03:16.737Z
397,80,Valentin68,1,Excepturi amet voluptatem iure modi molestiae tenetur quas facilis atque. Facere ut blanditiis sequi ipsum hic quidem voluptas laboriosam ratione. Dolore odio hic autem omnis veritatis illo dolore veniam.,1,11,delectus quas blanditiis,2013-03-02T15:09:29.500Z
398,80,Davonte_Johnston,1,A velit quo. Cupiditate ut ipsa. In sapiente voluptatibus quod eum omnis est.,1,13,adipisci quam sed,2018-10-03T13:18:02.113Z
399,80,Dorian_Hilll49,1,Consectetur debitis ut voluptatem numquam qui aliquid est. Omnis impedit qui.,1,23,distinctio adipisci dolorem,2016-07-04T00:46:09.444Z
400,81,Doris.Effertz66,1,Neque laudantium necessitatibus sapiente eos harum suscipit.,4,23,similique blanditiis recusandae,2013-09-15T10:44:24.261Z
401,81,Roselyn38,1,Assumenda debitis et excepturi omnis deserunt. Beatae sint et quisquam et.,3,24,natus error et,2017-01-10T15:54:01.292Z
402,81,Allen53,1,Labore et rem dolore doloremque. Vitae ut in commodi animi molestiae. Minus nihil pariatur est dignissimos id consequuntur optio possimus. Error placeat saepe.,3,2,est ex ex,2011-05-17T14:19:08.058Z
403,81,Irwin_Casper,1,Ut repudiandae veritatis reiciendis impedit qui placeat eum voluptas voluptatem. Ut maxime labore tempore explicabo voluptatem. Asperiores doloremque dolor. Necessitatibus rerum itaque.,2,15,porro sed deserunt,2014-06-27T08:09:40.086Z
404,81,Travis.Macejkovic,1,Sint numquam eos repudiandae ut qui excepturi beatae sed.,3,13,excepturi labore et,2013-11-22T14:36:29.562Z
405,82,Jordan40,1,Aut minima quia impedit voluptatibus perferendis nemo. Qui autem et exercitationem quisquam. Quasi voluptatem enim rem ut non. Placeat aspernatur et.,3,16,harum fugiat sed,2017-12-10T04:51:05.730Z
406,82,Demarco_Jenkins,1,Maiores qui blanditiis. Nam id alias ut ea modi quod.,3,2,reprehenderit delectus delectus,2013-08-31T17:16:20.927Z
407,82,Cole22,1,Aut rerum odit odit eos quia.,2,17,cupiditate quia velit,2017-10-23T00:48:08.941Z
408,82,Verner60,1,Iste odit ratione quidem beatae omnis aut dolores occaecati.,4,17,molestiae reiciendis perferendis,2018-03-30T02:55:45.496Z
409,82,Krista49,1,Est qui cumque culpa placeat quisquam ipsum optio et. Non magnam ipsa.,4,20,rerum est odio,2011-06-05T03:45:14.848Z
410,83,Antonette93,1,Aut dignissimos deleniti. Dolorem qui saepe. Sunt unde repellendus. Et similique minus voluptatem natus qui.,3,3,perspiciatis commodi qui,2010-09-22T13:34:59.036Z
411,83,Davonte.Rempel8,1,Aut dolores quis nam. Voluptas sit cum molestias commodi. Sint rerum modi voluptates. Modi ea consequatur id accusamus doloremque sequi quo.,1,11,sunt est ut,2016-07-16T20:27:25.014Z
412,83,Ervin_Green80,1,Esse laudantium qui ab consequuntur porro.,4,10,ea sed ut,2012-06-19T02:25:54.238Z
413,83,Cora_Lehner42,1,Est aut qui saepe porro ut quisquam autem odio ratione.,0,1,autem sequi voluptatum,2012-04-28T06:14:05.392Z
414,83,Oren92,1,Possimus ut rerum. Animi dolores nobis sunt aliquid eum architecto dignissimos a.,1,12,harum facilis quas,2014-08-14T00:07:17.406Z
415,84,Julien.Nader,1,Et quae est. Magnam optio dolorem dicta distinctio. Est dolores doloremque dolorem aut aut esse rerum. Inventore inventore ullam hic at nostrum.,2,22,sint dignissimos quis,2010-06-15T16:09:45.269Z
416,84,Jaylen_Predovic,1,Qui eaque numquam. Nulla id officiis ipsam ullam consequatur repudiandae dolorum.,1,6,et nemo voluptatem,2013-07-09T13:56:46.282Z
417,84,Josiah83,1,Aut unde consequatur ipsa qui sed ut officiis.,1,19,voluptates voluptatem magni,2014-03-01T06:26:16.600Z
418,84,Roosevelt.Wilderman,1,Sunt qui fugit. Eius fugiat consectetur facilis cum omnis maiores ut. Vitae doloribus reiciendis omnis quisquam excepturi est delectus. Nihil qui cum consequatur velit minima.,0,11,vel sed assumenda,2010-03-16T18:32:29.559Z
419,84,Matilde_Terry54,1,In dolores odit nostrum officiis explicabo. Accusamus labore hic inventore et ipsum nemo unde. Eos temporibus consequatur non debitis eos quisquam voluptatibus. Atque rerum deleniti atque vero est.,2,3,rerum eaque recusandae,2014-01-11T04:54:05.249Z
420,85,Maximillian.Bailey,1,Voluptas beatae amet reiciendis sed sunt quis dolor non. Sed et voluptatem aut qui. Ea consequatur non vel dolor rerum. Architecto magni officiis suscipit exercitationem aut rerum sit.,2,25,deserunt iure officia,2011-10-20T15:01:39.924Z
421,85,Ari88,1,Suscipit et quasi impedit.,0,16,delectus ab omnis,2012-10-14T10:34:51.657Z
422,85,Diamond66,1,Quibusdam ut voluptatem. Et iure id eos similique blanditiis fugiat aperiam sed asperiores. Consequatur ut est.,3,16,eum qui exercitationem,2011-01-11T07:00:59.961Z
423,85,Geovanni_Hintz,1,Sed officiis libero. Quidem autem distinctio fugiat. Aut unde nesciunt quo dignissimos aliquam.,2,22,consequatur excepturi iure,2015-06-05T09:49:48.277Z
424,85,Geo51,1,Omnis ut dolor neque perferendis. Aut et architecto. Eum soluta error facilis aperiam pariatur numquam.,2,24,voluptas similique optio,2017-09-29T23:52:28.960Z
425,86,Mary35,1,Ea tempore dolorem sint iusto saepe aut nesciunt quibusdam similique.,1,24,voluptas hic ut,2015-03-03T07:38:23.710Z
426,86,Geovanni.Sauer99,1,Dolorum dolore neque ut vel magni in quisquam similique qui. Nemo dolore suscipit. Ab deserunt tenetur consequatur facilis necessitatibus molestias ratione cumque.,0,23,numquam illum quis,2013-02-23T20:55:33.072Z
427,86,Melyna65,1,Beatae facere asperiores modi alias. Dicta optio nesciunt sunt fugiat ut velit autem fugit eos.,1,7,minima dolores nam,2011-03-21T18:57:25.072Z
428,86,Layne_Metz,1,Vel suscipit praesentium.,5,25,aspernatur aperiam rerum,2011-10-26T17:33:28.323Z
429,86,Justus_Koss,1,Et magnam recusandae quas est nemo ea sit qui. Distinctio voluptatem consequuntur consequuntur aliquid labore et debitis et laborum. Quo hic a qui cupiditate ut esse hic.,0,14,eligendi accusantium ut,2013-12-27T03:26:23.775Z
430,87,Curtis.Lubowitz,1,Temporibus consequatur quia at et autem consequatur. Error quia omnis voluptatum saepe expedita enim rerum qui. Rerum consequuntur voluptatum aut.,0,5,error eum harum,2013-03-03T23:32:32.086Z
431,87,Maria98,1,Velit et numquam consectetur corporis. Ex ratione non omnis rerum dicta maxime. Ut consectetur qui quisquam ex praesentium expedita sint. Consequuntur perspiciatis nisi at et itaque nam incidunt.,5,13,iusto dolore quia,2010-11-14T04:29:25.076Z
432,87,Destiney_Flatley27,1,Et quas ullam. Odio consequuntur consequatur nulla ut id nemo.,3,7,occaecati nihil reprehenderit,2013-09-11T05:16:19.206Z
433,87,Aurelie87,1,Tempora sint voluptate.,1,25,veritatis eaque maiores,2011-10-23T07:22:59.545Z
434,87,Orland.Johns48,1,Libero autem minima ut explicabo blanditiis aspernatur sunt. Asperiores repudiandae voluptates sed ut tempore et. Asperiores doloribus sed molestiae assumenda optio quos et consequatur vel.,3,12,doloremque maxime qui,2010-09-21T19:32:07.252Z
435,88,Sebastian15,1,Et dicta dolorum ea dolores. Iure quibusdam ullam quasi in id commodi libero aspernatur. Ratione nisi eum culpa ipsum aspernatur perferendis rerum sed. Expedita omnis et.,3,12,natus debitis enim,2014-06-08T21:01:20.579Z
436,88,Esther.Legros,1,Omnis voluptatibus omnis sit magnam.,2,18,maiores dignissimos est,2011-04-10T22:09:18.357Z
437,88,Jeffery.Weber,1,Ut ullam odit similique doloremque magni sequi eum architecto. Ad voluptatem numquam commodi sint et. Omnis esse omnis enim voluptate aspernatur et. Ut et a.,2,7,quis et autem,2016-06-28T13:20:07.059Z
438,88,Alena_Hintz35,1,Officiis officia sequi dolorem nihil sed ut quibusdam quis. In quasi omnis id. Quia qui soluta aut. Sint velit provident voluptatibus temporibus ut aut omnis.,4,17,quisquam eum voluptate,2016-12-10T06:37:27.894Z
439,88,Max_Glover,1,Debitis nostrum ducimus excepturi facere sequi debitis voluptatum non ratione. Delectus voluptas veniam iusto adipisci aut doloremque reiciendis voluptatum. Ut cupiditate modi dolore omnis officia sit fugit consequatur nihil.,4,1,repellat est blanditiis,2015-02-27T13:36:44.465Z
440,89,Vita.Altenwerth,1,Ex aliquam quia velit. Molestiae tempora repellat dolores cupiditate. Architecto sed facilis alias.,2,2,rem cum voluptas,2010-11-04T15:22:58.245Z
441,89,Ava51,1,Dolor repellendus facilis maxime deserunt ducimus ea in. Est numquam et aut. Officia architecto id unde aut eum pariatur. Animi velit at dolor tempora vitae.,3,21,nesciunt earum voluptatem,2016-08-29T14:51:33.239Z
442,89,Aidan.Kerluke95,1,Odio nulla hic sed dicta.,3,11,tenetur commodi reprehenderit,2013-01-05T09:02:42.990Z
443,89,Gwen9,1,Porro voluptatem officia. Velit saepe praesentium corporis suscipit. Velit eius quo pariatur. Voluptatem quae aut earum qui.,2,16,perspiciatis corporis ex,2012-01-16T00:45:20.904Z
444,89,Chelsea_Ruecker87,1,In fuga consequuntur aut totam.,4,15,pariatur autem dignissimos,2014-09-19T09:47:16.397Z
445,90,Johnathan.Gleason,1,Nihil et et. Et sapiente ad.,2,12,non tempora aliquid,2017-09-30T09:38:14.897Z
446,90,Clementina96,1,Quibusdam recusandae vel exercitationem fugit sed. Voluptatem ut quia eaque. Vel quisquam exercitationem.,5,2,eos asperiores repellat,2013-12-30T04:22:53.503Z
447,90,Gay_Schmidt,1,Ea incidunt ut sapiente voluptates tempore necessitatibus omnis magni excepturi.,3,3,dolore dolorem explicabo,2012-06-03T21:23:05.806Z
448,90,Maude_DuBuque0,1,Distinctio nemo qui consequuntur dolor et. Atque placeat sed unde deleniti sit omnis in veniam error. Voluptate ut laboriosam sit ut labore consequatur pariatur ea est. Fugiat rerum rem est rerum non.,4,3,consequatur et quidem,2012-05-31T02:56:40.879Z
449,90,Winston.Emard32,1,Et esse a nihil adipisci dicta dolor voluptates. Et molestiae repudiandae autem deserunt et. Laudantium nisi doloremque ad. Atque ut vitae accusantium nemo doloribus.,3,17,quaerat reprehenderit et,2015-10-24T17:24:50.751Z
450,91,Alivia54,1,Doloremque qui iure sapiente id voluptatem dicta quas optio.,2,17,et laboriosam et,2011-03-28T00:10:58.943Z
451,91,Ralph0,1,Labore laboriosam ea ipsum ab inventore qui porro ratione eum. Aut consequatur reiciendis accusamus et distinctio in voluptas. Officiis et velit accusamus blanditiis.,2,20,consectetur repellat consequatur,2010-07-10T03:13:06.872Z
452,91,Maxine1,1,Dolor quisquam qui. Neque aut quam corporis a blanditiis accusantium pariatur eos veritatis. Eum provident inventore distinctio. Optio ea nesciunt maxime alias vel enim rerum eveniet.,2,13,porro voluptates suscipit,2018-06-04T17:58:15.778Z
453,91,Verlie14,1,Quos saepe quia dolore et maxime facere eum culpa.,5,8,voluptatum quis consequatur,2014-11-25T19:04:35.560Z
454,91,Pearl77,1,Est architecto laudantium quam. Vel et voluptatem quia aut dolores aperiam et. Et praesentium omnis cupiditate quia sed. Tempora nisi praesentium nobis id.,1,5,dicta necessitatibus optio,2010-03-07T10:37:52.033Z
455,92,Alivia89,1,Ea dicta earum. Unde est ea.,5,13,ut est officia,2015-03-04T11:11:16.307Z
456,92,Brendon78,1,Fugiat et temporibus. Iusto cum consequatur sint ut provident unde repellendus labore. Adipisci esse deserunt ratione amet vero numquam molestiae. Temporibus nobis nam est deserunt molestiae rerum facere impedit.,0,5,omnis non dolorum,2017-09-17T05:59:16.609Z
457,92,Katelynn_Jaskolski40,1,Qui asperiores quaerat autem velit pariatur vitae dignissimos. Quod ut dolores accusamus eveniet accusamus velit cupiditate eveniet. Dolorem quia distinctio suscipit quaerat distinctio voluptas fugiat placeat.,3,3,occaecati et quasi,2016-06-24T07:00:31.485Z
458,92,Elliott.Bruen49,1,Optio excepturi quo sequi animi eius similique deserunt dolor ipsam.,2,17,velit est ut,2011-08-08T14:19:58.165Z
459,92,Riley69,1,Quam quia aliquid nostrum recusandae voluptatibus autem. Cupiditate expedita natus error laboriosam. Sit doloremque autem sint mollitia eveniet modi aperiam corporis.,2,1,et labore quia,2018-07-27T00:12:32.872Z
460,93,Emmet.Eichmann,1,Molestiae dolor fugiat eum itaque ducimus dolor ullam qui debitis. Cum quia similique. Animi aut et pariatur explicabo et cumque praesentium veritatis.,5,22,porro quaerat nihil,2016-01-23T01:48:28.133Z
461,93,Marian.Koepp,1,Cupiditate odio odio voluptatum omnis eum animi non. Vel eos harum iusto debitis voluptatem odio. Dolor fuga molestiae fuga quasi et saepe perspiciatis suscipit expedita.,5,0,aliquid iure pariatur,2015-09-09T19:57:34.254Z
462,93,Tyrel_Runte20,1,Assumenda omnis nobis ex aut iusto qui architecto. Et quam maxime. Sit totam officiis. Quia nihil debitis corporis saepe quos ducimus.,3,19,omnis animi adipisci,2010-07-19T05:39:27.847Z
463,93,Geovanny.Altenwerth14,1,Est cumque ipsam qui veniam cum ipsum reiciendis. Quis vitae explicabo quo est officia. Voluptatum totam debitis quam vitae rerum qui est reiciendis velit.,4,3,quisquam ea cum,2012-03-09T15:55:41.493Z
464,93,Amya69,1,Non quam qui dolor omnis incidunt.,5,15,necessitatibus architecto iusto,2012-10-16T12:47:25.737Z
465,94,Nels23,1,Tempora omnis iste in beatae ducimus et. Explicabo sit officia veritatis veritatis exercitationem magnam. Qui consectetur recusandae accusamus recusandae ducimus est porro.,3,21,deserunt et enim,2012-10-21T18:32:29.144Z
466,94,Mathias_Gerhold,1,Omnis illo cupiditate harum facilis enim est expedita sunt. Aut magnam enim consequatur et quisquam debitis esse perferendis quis. Sit voluptas officiis repudiandae.,4,17,earum est tenetur,2014-05-24T10:02:45.363Z
467,94,Tania.Reinger35,1,Praesentium quia soluta doloribus qui maiores dicta. Aspernatur animi saepe voluptatum. Eos repellendus qui facere similique rerum quis.,4,12,soluta cum reprehenderit,2015-09-14T20:25:17.156Z
468,94,Emelia.Hyatt38,1,Quas aliquid aspernatur blanditiis neque iure sed voluptas consectetur ad. Et sint quam impedit. Commodi repudiandae eos repudiandae corrupti. Autem et eum quaerat quae dolorem inventore non animi.,3,24,itaque veritatis animi,2010-01-02T12:24:02.173Z
469,94,Adolphus.Hartmann29,1,Harum quia nemo quae qui quidem repellat sapiente.,1,16,dolorum aut et,2016-05-31T09:10:10.019Z
470,95,Roderick_Schuppe18,1,Quia earum eum ea. Maiores molestiae dolorem. Voluptatibus ut occaecati omnis enim amet quae. Modi voluptas ea doloribus quae deserunt ab corporis.,2,0,consectetur commodi fugiat,2014-08-19T22:56:27.575Z
471,95,Marietta_Rau,1,Est facere quam sit natus. Ut in nemo porro inventore iure omnis magnam.,3,24,asperiores earum et,2010-04-02T11:31:19.340Z
472,95,Felicita77,1,Aut aut voluptas. Qui sint vel beatae ut rerum. Et commodi aut nam. Rem et dolores aut in et iste porro.,1,22,ut dolor odit,2013-11-06T22:21:51.532Z
473,95,Nola.Mante,1,Qui aspernatur aut et vel. Velit et fugiat. Nostrum modi nostrum.,4,2,fugiat molestiae eum,2013-03-24T21:40:22.135Z
474,95,Fritz32,1,Corporis dolorem quaerat nihil illum eius ipsam corrupti soluta nulla.,5,17,sint molestiae ipsum,2011-07-10T12:36:38.295Z
475,96,Derick72,1,Rerum odio mollitia dolor recusandae nostrum omnis sed.,4,24,cumque dolores recusandae,2010-07-30T20:59:49.987Z
476,96,Diego.Dooley47,1,Sit incidunt voluptatem dolores sed quia vel. Quia ratione sapiente et explicabo consequatur tenetur esse consequatur sunt.,4,13,est sed repellat,2013-12-23T06:25:08.752Z
477,96,Rudy33,1,A architecto aut perspiciatis soluta fuga fugiat. Soluta voluptatem sequi est. Ipsa quibusdam voluptate rerum.,4,9,sed illum dicta,2015-06-20T19:13:52.552Z
478,96,Quinn85,1,Reprehenderit nam quo rem error quam vero.,4,19,quidem voluptatum mollitia,2012-09-07T23:49:08.403Z
479,96,Furman_Kuhic,1,Dolorum iure cupiditate mollitia soluta quisquam modi qui dolor.,1,8,magni ut distinctio,2011-09-17T20:07:44.601Z
480,97,Cary93,1,Aut fugit voluptas exercitationem praesentium autem odio facere. Doloremque labore commodi. Nesciunt consequatur quos provident numquam labore accusamus.,1,24,quod velit accusamus,2012-04-22T06:11:13.486Z
481,97,Lola25,1,Voluptatem ratione illum consequuntur veritatis voluptate fugiat et. Fugit ipsam cumque impedit corporis fugiat hic velit inventore et. Minima et tempore est sequi totam cupiditate.,3,17,est porro dolore,2017-01-29T02:17:45.131Z
482,97,Immanuel.Harvey,1,Veniam cum error laboriosam cumque. Deserunt vero est id sint. Est facere optio sint et eos non unde.,3,17,est et facere,2012-02-11T10:55:40.066Z
483,97,Fay.Murphy,1,Et cumque eum reiciendis porro modi sed vitae voluptatem. Eos aut fugit et qui.,4,22,omnis inventore enim,2010-05-22T17:03:40.486Z
484,97,Virginie0,1,Nemo et omnis officia maxime voluptatem amet aut.,4,15,quia aut quibusdam,2010-11-20T12:21:50.172Z
485,98,Tristian.Hand,1,Vel id eveniet numquam maiores ea molestias. Harum placeat excepturi quasi sint ipsam iure. Deserunt numquam qui ut aut ut nihil cum.,2,9,nisi nam exercitationem,2010-04-06T22:25:04.909Z
486,98,Marquise90,1,Dolore totam amet culpa. Error corporis deleniti mollitia quia eaque quidem et cumque maxime. Dicta animi quos officiis qui.,4,18,officiis neque quia,2010-08-12T23:36:12.540Z
487,98,Oswaldo.Konopelski87,1,Qui voluptas ab. Ipsa iusto explicabo maxime ducimus et.,4,23,animi debitis eaque,2018-04-01T14:56:16.723Z
488,98,Hans.Sauer,1,Quidem sunt sit doloremque rem dicta veniam voluptatem atque.,2,19,non id nobis,2017-02-20T04:38:17.838Z
489,98,Immanuel12,1,Dolor delectus omnis fuga blanditiis nostrum. Eius illum dignissimos recusandae consequatur sint fugiat libero numquam.,3,21,fugiat eaque quaerat,2011-02-18T20:00:55.686Z
490,99,Izabella.Stracke82,1,Possimus dolorum impedit harum quisquam perferendis aut. Consequatur ea perspiciatis quis ipsa itaque id harum. Facilis itaque consequuntur maiores. Sint nam ut modi natus unde accusantium.,1,16,ut in itaque,2012-07-13T03:19:58.244Z
491,99,Karianne.Stokes,1,Dolore sed reiciendis aut iste dignissimos.,4,12,minima vitae fugiat,2012-10-26T17:53:34.789Z
492,99,Angel39,1,Fuga voluptatem ullam quas exercitationem deleniti esse aut quasi.,4,18,voluptate fuga deleniti,2014-01-09T09:24:55.204Z
493,99,Sidney46,1,Porro omnis libero blanditiis facilis quia. Voluptatem magnam molestiae autem similique qui cum dignissimos nemo. Explicabo aliquid minima nostrum pariatur quia modi aspernatur. Minus sapiente dolor ut aut voluptatum blanditiis neque necessitatibus eaque.,1,21,repellat optio qui,2012-11-26T22:36:56.559Z
494,99,Jaren.Morissette42,1,Consequatur tempora occaecati voluptas. Accusamus est dicta sint odio.,5,13,dolorum aut id,2017-01-25T12:25:10.875Z
495,100,Thora89,1,Suscipit voluptatem optio quae rerum harum eius eum ipsum eum. Dignissimos dolorum voluptatem sint quia.,3,22,ea in molestiae,2016-08-25T04:55:31.968Z
496,100,Edyth74,1,Harum alias cupiditate aut cupiditate similique non suscipit perferendis qui. Aut quibusdam aut voluptate assumenda eligendi. Laboriosam asperiores saepe. Omnis error cumque eveniet omnis autem ipsum.,1,1,tempore et impedit,2014-07-11T04:49:56.851Z
497,100,Misty.Klein70,1,Perferendis molestias autem tempora vel similique vel laboriosam omnis. Omnis quae quo rerum quisquam iste laborum in aut aliquam.,2,22,pariatur doloremque impedit,2015-09-27T13:17:50.373Z
498,100,Krystal_Corwin,1,Ea magnam aliquam qui iusto harum non eos cumque voluptatem. Culpa aut similique ipsum mollitia perferendis in. Dicta dolorum necessitatibus. Sit explicabo et.,1,24,minus accusantium ratione,2016-06-01T05:17:40.848Z
499,100,Aliza.Purdy58,1,Sint maiores impedit alias. Eveniet quia asperiores minus recusandae dolorem inventore quo facilis temporibus. Repellendus repellendus ea facere est ratione assumenda.,4,5,fuga iure quo,2016-03-10T00:16:07.503Z
